CZ90,Total,Age 0-17,Age 65+
6200.0,251182.9861,0.2028,0.2067
6000.0,738932.1897,0.218,0.1647
6100.0,333842.9753,0.2324,0.1925
6600.0,522770.5918,0.2236,0.173
9600.0,589988.4728,0.2223,0.1735
10700.0,1194941.6885,0.2238,0.1813
10600.0,151264.8444,0.2306,0.1967
10501.0,86077.2633,0.215,0.1857
10801.0,323180.7149,0.2059,0.1594
10802.0,51369.114,0.2131,0.2092
9500.0,147561.8871,0.2066,0.22
11101.0,402073.8556,0.2294,0.1791
9800.0,216171.4007,0.2055,0.1545
9701.0,334005.8409,0.2369,0.1607
10302.0,261237.522,0.2273,0.1965
10301.0,52664.7914,0.2157,0.211
11102.0,82815.178,0.2108,0.2119
11001.0,721631.1058,0.2199,0.2001
11002.0,66350.299,0.2188,0.2218
34102.0,469292.0,0.2386,0.1465
34103.0,10292.2571,0.2198,0.1618
34109.0,37599.1352,0.2197,0.1619
34111.0,19381.9484,0.2323,0.154
34115.0,108512.9093,0.219,0.1623
34101.0,3291.6102,0.2722,0.1288
34104.0,814.755,0.2722,0.1288
34105.0,7495.746,0.2722,0.1288
34106.0,9657.5626,0.2722,0.1288
34107.0,6094.3674,0.2722,0.1288
34108.0,12601.544,0.2722,0.1288
34110.0,13448.8892,0.2722,0.1288
34112.0,26006.9796,0.2722,0.1288
34113.0,10613.5418,0.2722,0.1288
34114.0,5029.7542,0.2722,0.1288
35001.0,5241425.8294,0.2166,0.1739
35002.0,49365.1152,0.2188,0.2474
35401.0,405414.3968,0.164,0.2817
37901.0,2683283.9845,0.2095,0.1815
38100.0,401440.3671,0.2527,0.1865
38300.0,18522702.6329,0.211,0.1612
35100.0,1256281.6496,0.1911,0.2294
35500.0,244710.0104,0.2414,0.193
30300.0,669533.4609,0.236,0.1465
25101.0,69476.3731,0.2021,0.2545
25103.0,83457.1843,0.1986,0.2597
25102.0,96110.7401,0.2208,0.2231
25104.0,54099.8871,0.1894,0.252
25105.0,70246.5563,0.1986,0.2373
25900.0,234656.2602,0.2406,0.1658
5300.0,108915.2351,0.246,0.1823
25800.0,80914.7126,0.2412,0.1925
4301.0,31324.6382,0.2141,0.1951
4302.0,98081.4422,0.2155,0.1912
4200.0,791887.2832,0.2264,0.1704
30000.0,147856.5016,0.2321,0.1881
30100.0,356389.5038,0.2336,0.1876
33500.0,243504.5942,0.2342,0.1991
34001.0,212932.3791,0.1963,0.2352
34002.0,91507.0113,0.2397,0.1937
4101.0,18335.2764,0.2127,0.1987
4102.0,132000.6432,0.2127,0.1987
4001.0,27716.3064,0.2262,0.209
4103.0,69439.7784,0.2262,0.209
37800.0,5236470.0,0.1886,0.1822
37000.0,927010.4252,0.2585,0.1478
37400.0,3522287.0248,0.2218,0.1747
37903.0,32615.6216,0.168,0.2885
37300.0,442803.17,0.2283,0.1793
36600.0,244008.0916,0.2175,0.2162
36700.0,147997.7384,0.1863,0.2103
36501.0,150853.849,0.2066,0.2329
36901.0,49507.734,0.1879,0.2644
37603.0,21888.8156,0.1939,0.2512
37200.0,1827599.0,0.2749,0.131
37100.0,921655.0,0.2783,0.1247
37700.0,642599.0,0.1894,0.2373
37500.0,2694014.0,0.202,0.1604
38000.0,3300626.0,0.203,0.1633
38200.0,726948.0,0.2008,0.1968
28702.0,173970.6201,0.1863,0.1775
36401.0,45680.0812,0.2164,0.1805
28703.0,15596.1936,0.1702,0.1683
28704.0,38981.5355,0.2037,0.1789
28800.0,774097.964,0.2121,0.1609
28900.0,3376506.0724,0.2,0.1517
28301.0,41751.1032,0.2173,0.203
28302.0,15223.3358,0.2176,0.2313
28402.0,5802.8624,0.2173,0.203
28502.0,214170.3859,0.2091,0.2053
28504.0,10499.2468,0.2173,0.203
28501.0,3524.7255,0.2156,0.2214
28503.0,21490.6896,0.1965,0.2398
34805.0,46326.4065,0.2156,0.2214
28401.0,831670.3084,0.2193,0.159
28701.0,19623.9351,0.1557,0.279
35202.0,18355.0452,0.1532,0.236
35300.0,193014.0633,0.2123,0.2001
35402.0,44720.6025,0.1953,0.2094
35201.0,253153.3443,0.1829,0.2503
20901.0,3675069.0,0.198,0.1936
19800.0,694542.0,0.2098,0.1803
19901.0,650033.6122,0.1932,0.2515
11304.0,6163668.8113,0.2216,0.1515
7900.0,420134.118,0.1843,0.1817
7600.0,1830517.5234,0.218,0.1799
10000.0,228049.4417,0.2098,0.1846
7700.0,183193.8103,0.2039,0.2252
7300.0,831304.0,0.1711,0.274
7000.0,4957962.0,0.1994,0.1794
9900.0,521522.2378,0.186,0.1758
6900.0,1183714.5378,0.1486,0.3456
7800.0,599246.0,0.1739,0.311
7200.0,1277464.0,0.1679,0.3064
6800.0,988454.9933,0.212,0.2055
10900.0,844172.4562,0.2119,0.1802
7500.0,816935.7612,0.1689,0.269
7100.0,2241237.4689,0.1868,0.2571
6700.0,3424502.0,0.1906,0.2075
7400.0,3093819.0,0.2024,0.1821
6401.0,602497.6184,0.2063,0.1928
6501.0,59929.632,0.1986,0.2212
9100.0,5681710.0292,0.229,0.1401
1201.0,57226.335,0.1593,0.2772
1204.0,82606.541,0.1624,0.2731
9400.0,450784.3756,0.2222,0.183
9302.0,103400.702,0.2138,0.2048
9301.0,321699.968,0.2034,0.1597
8402.0,38794.95,0.2106,0.2113
9200.0,167339.2644,0.2267,0.1873
8900.0,469221.6322,0.2308,0.1735
9002.0,85963.3694,0.1948,0.2082
8401.0,649120.2632,0.2237,0.1857
8702.0,145848.4911,0.2215,0.158
9003.0,78948.0813,0.2188,0.1956
8800.0,659045.0517,0.1973,0.2098
8502.0,39858.0915,0.2148,0.2042
9001.0,118321.944,0.2256,0.181
9702.0,60839.1106,0.2126,0.2079
10101.0,44213.4862,0.2255,0.2118
10102.0,72119.4976,0.2356,0.1964
10200.0,171106.4358,0.2337,0.181
8503.0,284269.1978,0.2398,0.1674
8501.0,26900.0636,0.2358,0.187
8601.0,128046.2084,0.2361,0.1722
8602.0,118183.1734,0.2155,0.2085
8701.0,156603.2237,0.2552,0.1413
34702.0,73182.2202,0.2066,0.2298
34703.0,164576.7798,0.2066,0.2298
35600.0,210015.0,0.201,0.2531
34701.0,998372.0,0.2019,0.2041
34501.0,13416.8671,0.2,0.2314
38402.0,93709.8718,0.208,0.2002
38601.0,848176.8027,0.2118,0.1936
35801.0,872163.8022,0.2264,0.1691
35803.0,17032.7386,0.1844,0.2826
36301.0,391113.4351,0.2638,0.1412
36302.0,12943.4833,0.1844,0.2826
38401.0,100377.593,0.1922,0.2547
35802.0,74372.084,0.2314,0.2137
35701.0,171493.624,0.2557,0.1699
35702.0,49453.9906,0.255,0.1703
36303.0,36890.1056,0.2098,0.1927
36200.0,228374.0737,0.2732,0.1209
36403.0,13898.717,0.2563,0.1648
23700.0,124730.793,0.2068,0.2244
23900.0,516678.7614,0.2197,0.2051
24801.0,73585.2849,0.1967,0.2205
25000.0,145516.4566,0.2172,0.2101
24400.0,635859.9904,0.2178,0.1988
23500.0,396751.7045,0.1958,0.1813
14500.0,377648.4513,0.2145,0.1654
24200.0,134413.5504,0.2256,0.181
23301.0,90535.2,0.2029,0.1951
23302.0,94655.8632,0.2107,0.2155
24300.0,8581830.2552,0.2117,0.168
14801.0,50245.8591,0.2071,0.229
14802.0,51338.3219,0.2211,0.2106
23600.0,122119.328,0.2149,0.2187
23801.0,387636.4534,0.2216,0.1985
23400.0,222827.9143,0.2072,0.1662
24802.0,267617.5674,0.2124,0.21
24900.0,376386.6728,0.2045,0.2048
25500.0,130293.2943,0.2116,0.2147
25601.0,246568.5851,0.203,0.2057
24701.0,2460849.1859,0.2131,0.1901
14700.0,411712.9793,0.2186,0.1977
25401.0,139180.7846,0.2102,0.214
25602.0,31277.3175,0.1984,0.2424
23200.0,169201.6731,0.2205,0.2217
14900.0,724302.2277,0.2215,0.1944
13600.0,658987.2025,0.2185,0.1984
13700.0,404738.6244,0.2513,0.1783
14100.0,635722.3979,0.2472,0.173
13800.0,131331.0519,0.2259,0.1972
13900.0,184492.563,0.2199,0.2096
14400.0,260519.2899,0.2098,0.1964
14000.0,398545.4504,0.2042,0.1915
14200.0,2040980.6922,0.241,0.1515
12600.0,98065.1776,0.2245,0.2032
14600.0,302889.2189,0.1923,0.1802
14300.0,183598.8818,0.2208,0.1794
12800.0,147427.0744,0.2195,0.2041
13102.0,52540.4062,0.2153,0.1771
13101.0,1328021.0025,0.2216,0.1781
27201.0,62776.1948,0.2325,0.2199
27202.0,57823.1132,0.2465,0.2118
27301.0,58100.9516,0.2277,0.2272
27302.0,43026.7544,0.2277,0.2325
21801.0,70290.8064,0.2132,0.2491
21802.0,66605.6202,0.2124,0.2397
22200.0,294480.8248,0.2276,0.1832
22001.0,223382.9938,0.2168,0.2003
22002.0,26916.7364,0.2116,0.2268
27402.0,91355.9748,0.2165,0.227
23802.0,65487.0132,0.2197,0.2094
22100.0,253960.7407,0.1997,0.1672
21900.0,115038.6338,0.2302,0.2
27501.0,850927.8047,0.2309,0.148
22300.0,139093.0047,0.2271,0.2104
26106.0,27877.1398,0.2279,0.2245
27502.0,34730.8806,0.2279,0.2245
28201.0,42407.5212,0.2279,0.2245
27401.0,48476.549,0.2382,0.2277
27504.0,45284.4814,0.2382,0.2277
28001.0,197410.6723,0.253,0.1752
27503.0,30313.0674,0.2215,0.2148
28202.0,1037424.6208,0.2464,0.1582
28601.0,5247.184,0.2213,0.216
28602.0,5374.132,0.2213,0.216
28603.0,8431.463,0.2213,0.216
28604.0,15625.183,0.2213,0.216
28605.0,7331.247,0.2213,0.216
28606.0,4199.251,0.2197,0.2238
29006.0,37872.82,0.2213,0.216
29007.0,7225.457,0.2213,0.216
29008.0,4199.863,0.2213,0.216
29103.0,9183.8468,0.2198,0.2201
31003.0,8463.2,0.2213,0.216
29005.0,76752.0572,0.2066,0.2076
29101.0,16463.4256,0.2189,0.2226
29104.0,62329.9016,0.2189,0.2226
29201.0,19780.5681,0.2211,0.2214
29202.0,15407.712,0.2189,0.2226
29203.0,165986.3344,0.2198,0.1368
29502.0,2193838.5479,0.2307,0.1662
29204.0,354725.064,0.2059,0.1902
29501.0,101691.1557,0.2301,0.1834
29503.0,157904.7036,0.2216,0.1898
29401.0,48952.2612,0.2273,0.1964
29403.0,139650.6607,0.2243,0.2088
29901.0,290959.4774,0.2322,0.1819
29302.0,76148.7074,0.2301,0.1996
29303.0,45738.2034,0.2183,0.2301
29402.0,43019.7856,0.2185,0.2282
29301.0,638158.4304,0.2379,0.1742
29001.0,15174.8952,0.2179,0.2343
29002.0,1613.9046,0.2179,0.2343
29004.0,39928.419,0.2179,0.2343
29003.0,43088.716,0.2953,0.1433
31001.0,48101.2136,0.2953,0.1433
31002.0,14487.9944,0.2953,0.1433
31004.0,30781.1184,0.2852,0.1492
31006.0,29345.3628,0.2432,0.1738
25300.0,111899.8898,0.2082,0.2012
25402.0,37408.0135,0.2107,0.2098
13200.0,189393.0395,0.2319,0.1894
25200.0,146010.332,0.2257,0.1979
5900.0,368566.2834,0.2623,0.1277
5401.0,230492.7772,0.222,0.1558
5402.0,102386.9031,0.2286,0.1908
4601.0,94439.056,0.2299,0.1897
4602.0,134715.695,0.2105,0.2042
4401.0,147567.0522,0.2243,0.1818
4402.0,142528.7036,0.214,0.1668
301.0,63970.6025,0.2107,0.2032
4502.0,96278.9789,0.2121,0.198
4501.0,43550.494,0.204,0.2013
17000.0,170199.6181,0.2079,0.2076
13000.0,206768.3072,0.2317,0.1745
13103.0,80220.8596,0.2185,0.1948
12901.0,664214.1589,0.2166,0.1644
12903.0,97835.7704,0.2129,0.1861
12701.0,2239087.8126,0.226,0.174
12702.0,54529.5261,0.2015,0.1984
12902.0,47729.4747,0.2015,0.1984
17100.0,328677.5739,0.2109,0.2101
4002.0,488184.688,0.2308,0.1856
4003.0,75163.1461,0.2168,0.1912
4004.0,21700.1042,0.2119,0.1877
3901.0,250259.9332,0.2339,0.1776
3202.0,58592.6864,0.2194,0.1988
3203.0,67220.5114,0.2086,0.2159
3902.0,16420.2694,0.2202,0.2022
3201.0,23110.4736,0.2304,0.1918
3600.0,185212.8726,0.2423,0.1752
3700.0,349672.863,0.2418,0.1745
3800.0,600291.0,0.2473,0.1724
3500.0,1000216.7486,0.2323,0.1615
3300.0,1290083.7997,0.2191,0.1894
3400.0,265679.0,0.2314,0.1858
20001.0,312847.5999,0.1658,0.2477
20002.0,31117.1147,0.1834,0.266
20003.0,67156.2395,0.1834,0.266
20100.0,774492.8892,0.174,0.2239
20600.0,1383106.9572,0.1783,0.2133
17400.0,546618.1901,0.2138,0.1924
17501.0,151141.599,0.1858,0.2338
11302.0,2805392.0,0.2177,0.1749
19902.0,178744.0,0.2055,0.2351
20902.0,166086.4087,0.1548,0.267
20800.0,700254.0,0.1835,0.2017
20500.0,5684149.1392,0.1905,0.1828
20401.0,1699956.0,0.1891,0.1934
20402.0,14432.9554,0.1106,0.3642
20403.0,20854.7233,0.1106,0.3642
11401.0,120366.2108,0.1686,0.2517
11402.0,108311.3676,0.1772,0.2476
21002.0,48128.49,0.1696,0.2419
21003.0,26672.8096,0.1721,0.249
11403.0,52711.624,0.1673,0.2639
12302.0,87395.81,0.1799,0.2699
12401.0,79045.5481,0.1649,0.3036
12402.0,101767.9794,0.1652,0.3058
12001.0,125955.5089,0.1964,0.2237
12301.0,179915.0769,0.1777,0.265
12002.0,55358.6744,0.1869,0.2552
12200.0,1495808.163,0.2216,0.1769
11800.0,138193.0,0.1793,0.1812
11900.0,498968.3557,0.1982,0.2317
11600.0,5284518.544,0.2099,0.1873
11700.0,480331.0,0.1935,0.1735
12100.0,538866.1469,0.2121,0.1875
11500.0,303308.0,0.2064,0.2076
13501.0,823833.3704,0.2145,0.1931
26001.0,18830.8648,0.233,0.2178
26701.0,116840.6924,0.2133,0.2374
26702.0,25481.3405,0.213,0.1917
26703.0,26577.9232,0.233,0.2178
26704.0,114561.9099,0.2155,0.195
26801.0,296264.0862,0.2148,0.1591
21600.0,160912.6747,0.2037,0.2482
26004.0,12266.1384,0.1935,0.2571
26002.0,294420.829,0.1823,0.2372
26003.0,5589.3222,0.1684,0.2703
21502.0,46145.7432,0.1864,0.2393
26902.0,75863.7045,0.2192,0.2404
26901.0,127170.4189,0.212,0.2251
26601.0,15976.1826,0.2221,0.2337
27101.0,82711.919,0.2202,0.2262
21400.0,336684.2093,0.2371,0.1542
21501.0,3597277.4246,0.2252,0.1646
21201.0,75381.06,0.2244,0.2121
21202.0,30088.363,0.2365,0.2114
27102.0,49620.48,0.2482,0.2108
21301.0,170476.9477,0.2126,0.1873
21702.0,70971.7996,0.2287,0.2193
21302.0,124999.3856,0.2099,0.1882
21701.0,278338.5217,0.2195,0.186
22800.0,344779.0049,0.2029,0.1979
22900.0,243754.2368,0.2094,0.206
5202.0,1283378.146,0.2458,0.1587
5100.0,131121.3162,0.2046,0.2003
5201.0,57562.0935,0.2272,0.1807
4702.0,140846.8018,0.2266,0.1788
5000.0,207790.7424,0.2296,0.1731
10502.0,103195.6068,0.216,0.1801
3001.0,33374.446,0.2455,0.2018
4701.0,66748.892,0.2455,0.2018
3002.0,33826.08,0.2315,0.1678
4800.0,97828.7968,0.2359,0.1864
3003.0,582182.6995,0.2307,0.1755
2800.0,115518.8512,0.2436,0.1933
10400.0,144379.6191,0.2282,0.1991
3101.0,98635.12,0.2178,0.1926
3102.0,45908.7866,0.2138,0.202
2700.0,524237.1345,0.2254,0.1874
2900.0,184847.9126,0.232,0.1694
26102.0,46000.8808,0.2225,0.1996
26103.0,19042.2288,0.2178,0.2101
26104.0,13112.414,0.2117,0.2236
26105.0,10487.771,0.2117,0.2236
26107.0,38310.7914,0.2321,0.2065
29505.0,30210.397,0.2117,0.2236
29506.0,15996.281,0.2117,0.2236
26101.0,55105.946,0.2313,0.1975
24702.0,38593.7916,0.2255,0.1861
29601.0,371354.2094,0.2032,0.1672
29504.0,95755.8639,0.2292,0.2081
29800.0,164157.631,0.2133,0.2408
29902.0,54562.4631,0.2341,0.2242
29700.0,577968.7324,0.2199,0.1841
29602.0,89065.0617,0.1903,0.2632
24500.0,128239.3977,0.2143,0.1658
24600.0,149888.0917,0.2134,0.1942
25701.0,186460.7204,0.2247,0.1883
25702.0,68088.1612,0.2261,0.2143
34202.0,26413.1132,0.2142,0.2349
34502.0,21468.552,0.2185,0.2311
34503.0,159860.606,0.2051,0.2252
34504.0,176306.442,0.171,0.2238
34401.0,9942.4125,0.1687,0.26
34402.0,157909.6525,0.185,0.1627
34404.0,58152.5625,0.1687,0.26
34203.0,101688.368,0.2084,0.2134
34403.0,92784.7894,0.2085,0.2155
26408.0,12085.4632,0.2263,0.2238
34201.0,26501.176,0.2086,0.2399
34204.0,12499.266,0.2086,0.2399
34308.0,194723.9742,0.2251,0.1957
34309.0,4193.7428,0.2086,0.2399
26401.0,2825.47,0.2215,0.2154
26402.0,3084.307,0.2365,0.2146
26405.0,1685.0848,0.2365,0.2146
26406.0,12683.2722,0.2365,0.2146
26407.0,3580.8052,0.2365,0.2146
26409.0,11735.15,0.2412,0.2042
26411.0,35767.4415,0.2475,0.1766
34304.0,54232.832,0.2047,0.2234
34305.0,13119.5888,0.2365,0.2146
34306.0,1188.5866,0.2365,0.2146
34307.0,10922.9604,0.2365,0.2146
27001.0,12701.008,0.2228,0.2357
27003.0,4944.0456,0.221,0.2388
27701.0,61547.0292,0.221,0.2388
27702.0,114466.4524,0.2178,0.1986
27704.0,22534.1436,0.2673,0.2022
28303.0,1880.4276,0.221,0.2388
28304.0,7179.5414,0.2201,0.2382
27005.0,49451.3911,0.2576,0.1724
27801.0,55699.023,0.26,0.1903
27802.0,62594.2382,0.2564,0.194
28002.0,22780.863,0.26,0.1903
27002.0,8605.3074,0.2504,0.1873
27903.0,85845.8486,0.2504,0.1873
28305.0,11544.8809,0.2486,0.19
28608.0,63447.7082,0.2194,0.2026
28306.0,34946.2625,0.2171,0.2363
28607.0,17647.9125,0.2171,0.2363
28609.0,44588.0587,0.2173,0.2273
27901.0,41287.8992,0.2179,0.2033
29102.0,9159.9133,0.2261,0.2113
27902.0,24800.1726,0.233,0.2179
28101.0,393386.2215,0.2212,0.1653
28102.0,38546.0047,0.233,0.2179
37604.0,658380.1132,0.197,0.1996
37601.0,72047.9001,0.2131,0.2181
37602.0,24510.7587,0.2131,0.2181
37902.0,4657.2297,0.2131,0.2181
20301.0,96256.187,0.1787,0.2309
20302.0,283822.9695,0.1625,0.2481
20700.0,122839.2176,0.1675,0.2484
19700.0,6166245.0,0.2087,0.1852
19600.0,6619730.0,0.2181,0.168
19500.0,1313596.0,0.227,0.2183
34901.0,953282.948,0.2003,0.1953
34801.0,43365.0848,0.1984,0.2336
34802.0,254812.074,0.1617,0.2769
30701.0,125660.3176,0.2509,0.1571
30702.0,5971.0586,0.2329,0.1787
30901.0,75411.312,0.2381,0.1763
34803.0,9140.6822,0.2329,0.1787
34804.0,3970.0336,0.2329,0.1787
30602.0,86286.64,0.1955,0.2538
30603.0,11342.518,0.1955,0.2538
30604.0,56590.8145,0.1955,0.2538
34902.0,19745.0275,0.1955,0.2538
30601.0,1108073.9516,0.246,0.1462
30801.0,115619.8728,0.2698,0.1403
18300.0,246148.0,0.2189,0.1809
18400.0,161896.6779,0.1724,0.223
18500.0,106687.3221,0.2073,0.212
18600.0,1145331.2415,0.1813,0.2088
17700.0,1064527.9374,0.1993,0.2046
17800.0,149132.992,0.1801,0.2432
18000.0,2370108.0,0.1963,0.2081
17900.0,282254.5402,0.1862,0.2217
18100.0,337667.1056,0.1817,0.2117
18201.0,178145.1954,0.194,0.2219
16500.0,604625.2376,0.1991,0.2231
19300.0,976968.1576,0.2096,0.1857
19400.0,12510076.8424,0.1994,0.1812
601.0,93566.2789,0.1816,0.2273
1001.0,90927.982,0.1465,0.2371
1002.0,167335.451,0.1741,0.2246
401.0,597367.1324,0.2141,0.1908
602.0,61910.9169,0.188,0.2354
500.0,1285765.3023,0.2115,0.1859
1701.0,2448354.0902,0.2163,0.1524
1702.0,64935.2456,0.2136,0.2099
2600.0,120176.8187,0.1918,0.241
2000.0,1260289.7606,0.2169,0.1676
1900.0,666532.7207,0.2183,0.1737
2100.0,120841.1776,0.1678,0.2794
1600.0,232205.4663,0.2215,0.1945
1100.0,491885.3733,0.209,0.1939
1203.0,519700.3968,0.1757,0.2452
1202.0,67752.9522,0.1641,0.2694
700.0,476039.8456,0.2288,0.1712
800.0,507826.5634,0.2121,0.1921
900.0,2401433.4957,0.2273,0.1453
1400.0,721942.4554,0.2406,0.1702
1800.0,231373.0,0.2389,0.1861
1500.0,561417.5446,0.1773,0.2425
26202.0,2291.634,0.2684,0.1442
26403.0,3684.588,0.2684,0.1442
26404.0,7684.8461,0.2441,0.1725
26410.0,38508.438,0.2684,0.1442
26412.0,45064.8906,0.2665,0.1459
26603.0,7856.2047,0.2747,0.1681
26201.0,156239.7332,0.2187,0.2053
26304.0,81149.8842,0.2288,0.1798
26305.0,9159.6945,0.21,0.2267
26203.0,7663.3425,0.2071,0.2339
26204.0,2384.151,0.2071,0.2339
26301.0,20710.7065,0.2085,0.2002
26302.0,5721.9624,0.2071,0.2339
26303.0,14282.1998,0.2071,0.2339
26802.0,14497.9087,0.2071,0.2339
26803.0,36363.9793,0.2071,0.2339
26804.0,2293.3262,0.2071,0.2339
13400.0,251904.3717,0.2309,0.2015
13502.0,93962.8558,0.2289,0.2057
13300.0,241292.8224,0.2108,0.207
15100.0,453203.0,0.2114,0.2117
15200.0,2553083.0,0.1998,0.2079
16400.0,716873.7912,0.1964,0.2344
15000.0,705247.199,0.2234,0.2117
16000.0,320377.1614,0.2203,0.2065
12501.0,1181418.1648,0.2198,0.1962
15900.0,2216752.8391,0.2278,0.1489
15500.0,113508.3414,0.1881,0.2412
15400.0,187632.056,0.2146,0.2104
15600.0,168770.8986,0.1851,0.2433
12502.0,114985.0,0.2281,0.2054
15700.0,221349.3844,0.2144,0.1976
15300.0,189070.3669,0.1888,0.2224
15800.0,137137.5442,0.1883,0.2024
30501.0,27794.3,0.234,0.1789
30502.0,100401.138,0.2439,0.1817
33801.0,64365.076,0.2368,0.1755
33803.0,1548547.1854,0.2329,0.1532
30401.0,96301.5034,0.1971,0.1528
30402.0,1113759.3476,0.2392,0.1691
30200.0,158584.8907,0.2307,0.1811
30403.0,48887.1524,0.2199,0.1987
33901.0,73492.0897,0.228,0.1903
33602.0,40651.396,0.237,0.1753
33603.0,6853.936,0.237,0.1753
33802.0,86124.2982,0.2407,0.1725
33601.0,176488.5176,0.235,0.1598
33700.0,128628.3964,0.237,0.1876
33902.0,236063.1748,0.2302,0.1851
38901.0,1166721.608,0.1938,0.2013
38801.0,2426426.3891,0.1956,0.1705
39203.0,264515.0,0.1915,0.2245
36902.0,177075.832,0.1828,0.2778
36800.0,309494.136,0.1937,0.2602
39100.0,477982.2052,0.246,0.1676
39201.0,42254.5492,0.2196,0.2282
39202.0,7287.3496,0.2196,0.2282
38802.0,77052.1852,0.2116,0.2075
39204.0,3492.7371,0.2171,0.199
39205.0,7321.1126,0.2171,0.199
38700.0,264039.6502,0.1965,0.2411
38902.0,79505.515,0.1851,0.2497
36502.0,7604.5038,0.2148,0.2236
36503.0,8278.62,0.2148,0.2236
16100.0,325386.8099,0.1612,0.2028
18202.0,34593.6645,0.1784,0.2367
18900.0,216289.007,0.1993,0.227
18800.0,920449.0,0.1908,0.215
18700.0,190290.068,0.1955,0.2229
19200.0,1258830.6985,0.2105,0.2001
16300.0,2465079.3432,0.1839,0.2244
16200.0,370327.7354,0.1885,0.2396
19100.0,1292776.0,0.2193,0.2027
19000.0,772912.0,0.203,0.2004
8300.0,1186567.1232,0.212,0.1907
8100.0,921504.2656,0.2161,0.176
8000.0,224689.7294,0.2268,0.1889
1301.0,69597.4496,0.2146,0.2033
1302.0,765343.409,0.1861,0.2534
8201.0,62743.9354,0.201,0.2106
8202.0,911204.2813,0.2104,0.1733
27601.0,202183.1016,0.2089,0.2154
27004.0,9807.9864,0.2809,0.1914
27008.0,20112.6772,0.2526,0.195
27009.0,11186.0507,0.2548,0.1947
27010.0,4524.2478,0.2423,0.1963
27011.0,22642.4958,0.2809,0.1914
27602.0,7807.4034,0.2809,0.1914
27603.0,4770.621,0.2809,0.1914
27604.0,933.6054,0.2809,0.1914
27605.0,11470.0092,0.2809,0.1914
26504.0,41909.1325,0.2298,0.2238
26602.0,19696.6405,0.2298,0.2238
26604.0,6582.9275,0.2298,0.2238
26605.0,52298.426,0.2298,0.2238
27012.0,2424.603,0.2298,0.2238
26501.0,47216.7319,0.2269,0.1982
26502.0,13741.0495,0.2269,0.1982
27006.0,29332.6524,0.2269,0.1982
27007.0,21419.4651,0.2269,0.1982
26503.0,310676.0327,0.2408,0.1584
4902.0,85751.24,0.2171,0.1918
5800.0,156482.0182,0.2055,0.2058
5600.0,1955806.0499,0.2251,0.1434
6301.0,101423.8895,0.1993,0.2203
6302.0,125731.7871,0.2047,0.188
302.0,931253.7324,0.2022,0.1912
100.0,632229.3308,0.1826,0.2233
200.0,289198.1546,0.2015,0.2035
6402.0,135946.6028,0.1942,0.251
5500.0,221003.7132,0.2233,0.1787
4901.0,207367.2388,0.2232,0.1861
4903.0,47707.1922,0.1997,0.2107
5700.0,165982.08,0.2234,0.1888
6502.0,252018.5188,0.2093,0.2047
30902.0,27324.4348,0.2664,0.1552
30903.0,287060.2876,0.2505,0.1592
30904.0,51013.9336,0.2732,0.1595
30905.0,7509.1408,0.2732,0.1595
30906.0,7388.5812,0.2732,0.1595
30908.0,45015.3024,0.2654,0.1545
31005.0,18066.7172,0.2732,0.1595
31007.0,33291.6724,0.2732,0.1595
32502.0,8074.3428,0.2658,0.1641
30802.0,368665.552,0.2359,0.1381
30907.0,1072.544,0.264,0.1536
32503.0,12252.3114,0.2213,0.1986
32601.0,150813.961,0.2272,0.1664
32602.0,30477.7416,0.233,0.1854
32603.0,3815.514,0.234,0.1843
32604.0,19301.001,0.234,0.1843
33000.0,2826120.8082,0.2457,0.1375
33100.0,5564339.6923,0.2428,0.1232
33200.0,243308.1798,0.2467,0.1677
33400.0,328467.8384,0.2418,0.1793
33300.0,563073.1549,0.2265,0.1988
32702.0,69134.3883,0.2107,0.2147
32302.0,19908.2772,0.2119,0.1955
32402.0,18769.7538,0.2128,0.2077
32403.0,27199.746,0.2128,0.2077
32501.0,213270.6382,0.2331,0.1702
32701.0,57690.0124,0.2126,0.2069
32301.0,128020.6538,0.2286,0.1688
31401.0,384583.4891,0.2952,0.1074
31202.0,76105.6798,0.2121,0.2038
32900.0,512887.2648,0.2576,0.1427
31201.0,2606151.7556,0.2124,0.1282
31800.0,319083.84,0.2012,0.1334
32000.0,7416845.4449,0.2537,0.1295
32201.0,222975.1091,0.2052,0.1861
32802.0,115720.24,0.2209,0.2126
32801.0,344306.1,0.2326,0.1693
32100.0,518061.5696,0.2341,0.1771
32202.0,107743.01,0.2303,0.1952
31900.0,496166.026,0.2488,0.1391
31102.0,49873.4037,0.2427,0.1718
31101.0,178264.0494,0.2336,0.1924
31103.0,20832.8064,0.2259,0.2167
31301.0,2769072.9253,0.2371,0.1464
31302.0,47317.0952,0.2182,0.2004
31303.0,86135.6628,0.1878,0.2741
31502.0,26787.6894,0.2443,0.1787
31503.0,291865.5078,0.3052,0.1078
31700.0,542102.4808,0.2309,0.1718
31600.0,1434744.0682,0.2932,0.1305
31304.0,3547.5501,0.211,0.1831
31403.0,16426.4784,0.211,0.1831
32303.0,5611.0248,0.211,0.1831
32304.0,31213.1442,0.2657,0.145
32305.0,50392.0983,0.2708,0.1415
32401.0,47114.3115,0.211,0.1831
30605.0,2172.7848,0.2775,0.1464
31402.0,34013.22,0.2775,0.1464
31404.0,17554.8828,0.2775,0.1464
31501.0,18351.2514,0.2875,0.1352
32306.0,56728.233,0.2716,0.141
36100.0,2049615.8839,0.2546,0.1238
36404.0,96127.136,0.2317,0.1976
35902.0,63088.2864,0.2655,0.1619
35903.0,10332.903,0.2743,0.1595
36402.0,59014.0836,0.2743,0.1595
35901.0,277787.8528,0.2415,0.2158
35904.0,30330.72,0.2562,0.1643
35905.0,2696.064,0.2562,0.1643
36000.0,774306.136,0.3026,0.0835
20200.0,353608.6288,0.1752,0.2123
17300.0,208937.3209,0.1691,0.2363
2300.0,267023.8303,0.1893,0.2112
2400.0,1365627.2698,0.2083,0.1767
17600.0,377990.9439,0.1992,0.2107
17502.0,166388.9616,0.2118,0.2052
2500.0,642234.5269,0.2122,0.1959
11303.0,62558.4015,0.177,0.279
19903.0,47055.1802,0.177,0.279
2200.0,150286.6134,0.1876,0.2465
16600.0,510121.2643,0.1831,0.21
402.0,79592.2806,0.1879,0.2439
17200.0,214806.6843,0.2017,0.1839
11301.0,413269.0,0.2471,0.1408
11201.0,175439.3841,0.1894,0.2419
11203.0,73587.1554,0.1866,0.2337
38502.0,127137.0,0.2258,0.1966
39303.0,111705.0,0.1367,0.3657
38501.0,127076.4827,0.2316,0.1663
39000.0,306084.3183,0.2725,0.1529
39400.0,5103608.2722,0.2007,0.1637
39301.0,17874.82,0.1558,0.3015
38602.0,100831.5084,0.2015,0.2608
39302.0,234894.0,0.1761,0.1987
16702.0,287350.0496,0.183,0.1846
16701.0,57144.9411,0.2003,0.226
16703.0,40198.608,0.2037,0.2165
16802.0,51465.2201,0.1897,0.2363
16901.0,308352.0594,0.199,0.2292
16902.0,19768.8198,0.1885,0.2325
16801.0,153562.6339,0.203,0.2348
11202.0,38001.0064,0.2049,0.2296
21001.0,47102.4632,0.1804,0.2721
21101.0,97505.7945,0.1974,0.251
21102.0,62820.3247,0.2057,0.2406
22700.0,391793.3267,0.1936,0.2249
21004.0,71187.336,0.1659,0.2943
22602.0,65382.968,0.1816,0.2593
22601.0,364765.5996,0.2127,0.1969
22500.0,622856.198,0.2059,0.1951
22400.0,200124.8644,0.2008,0.2283
23100.0,770191.4714,0.1939,0.1702
23000.0,123092.8578,0.2169,0.2151
24000.0,637753.0,0.215,0.1915
24100.0,1748999.0,0.2169,0.1823
34301.0,43071.964,0.1894,0.2307
27703.0,21406.291,0.2134,0.2095
34302.0,12450.6686,0.224,0.2028
34601.0,61919.868,0.2134,0.2095
34604.0,2503.361,0.2134,0.2095
34602.0,14743.1,0.2049,0.1793
34603.0,95063.5088,0.2049,0.1793
34303.0,39499.3016,0.2419,0.1916
