census_code,occupation_title,ai_exposure,onet_version,oews_year
10,Chief executives,0.34323722077902036,20.1,2015
20,General and operations managers,0.3432482076198377,20.1,2015
30,Legislators,0.3432471064840768,20.1,2015
40,Advertising and promotions managers,0.36477167705395863,20.1,2015
50,Marketing and sales managers,0.32703735302256726,20.1,2015
60,Public relations and fundraising managers,0.34143155694879834,20.1,2015
100,Administrative services managers,0.3663841101743062,20.1,2015
110,Computer and information systems managers,0.3402784954014674,20.1,2015
120,Financial managers,0.34628518310238166,20.1,2015
135,Compensation and benefits managers,0.3523847339655253,20.1,2015
136,Human resources managers,0.3270259152612094,20.1,2015
137,Training and development managers,0.33150728462181456,20.1,2015
140,Industrial production managers,0.3397722031139918,20.1,2015
150,Purchasing managers,0.3390862211964949,20.1,2015
160,"Transportation, storage, and distribution managers",0.3457058685977856,20.1,2015
205,"Farmers, ranchers, and other agricultural managers",0.34293223740382467,20.1,2015
220,Construction managers,0.35227043741097175,20.1,2015
230,Education administrators,0.33889145744830357,20.1,2015
300,Architectural and engineering managers,0.35425590442894267,20.1,2015
310,Food service managers,0.3265562199784335,20.1,2015
325,Funeral service managers,0.3495462321319841,20.1,2015
330,Gaming managers,0.3431696803751999,20.1,2015
340,Lodging managers,0.33632570247301125,20.1,2015
350,Medical and health services managers,0.33872520448725923,20.1,2015
360,Natural sciences managers,0.36069611804231166,20.1,2015
400,Postmasters and mail superintendents,0.3539747870135851,20.1,2015
410,"Property, real estate, and community association managers",0.35107363247982576,20.1,2015
420,Social and community service managers,0.3411288480572545,20.1,2015
425,Emergency management directors,0.33964874524422584,20.1,2015
430,"Managers, all other",0.34696765022018067,20.1,2015
500,"Agents and business managers of artists, performers, and athletes",0.3442505544603253,20.1,2015
510,"Buyers and purchasing agents, farm products",0.3516048824593128,20.1,2015
520,"Wholesale and retail buyers, except farm products",0.35964561257483113,20.1,2015
530,"Purchasing agents, except wholesale, retail, and farm products",0.35241965275212406,20.1,2015
540,"Claims adjusters, appraisers, examiners, and investigators",0.3763061298250714,20.1,2015
565,Compliance officers,0.36164334753237526,20.1,2015
600,Cost estimators,0.3587241078399853,20.1,2015
630,Human resources workers,0.3478109595808846,20.1,2015
640,"Compensation, benefits, and job analysis specialists",0.3683799167445417,20.1,2015
650,Training and development specialists,0.3362288715827616,20.1,2015
700,Logisticians,0.3558693803728293,20.1,2015
710,Management analysts,0.3635055740214456,20.1,2015
725,"Meeting, convention, and event planners",0.34127219949258303,20.1,2015
726,Fundraisers,0.3453222963475312,20.1,2015
735,Market research analysts and marketing specialists,0.36376887512241785,20.1,2015
740,"Business operations specialists, all other",0.3589907963938876,20.1,2015
800,Accountants and auditors,0.3706160546288816,20.1,2015
810,Appraisers and assessors of real estate,0.3879408561841108,20.1,2015
820,Budget analysts,0.38527357139757884,20.1,2015
830,Credit analysts,0.3641391240531544,20.1,2015
840,Financial analysts,0.36689587426326126,20.1,2015
850,Personal financial advisors,0.3642827751990587,20.1,2015
860,Insurance underwriters,0.3784351894261597,20.1,2015
900,Financial examiners,0.36058212996389893,20.1,2015
910,Credit counselors and loan officers,0.369237670798987,20.1,2015
930,"Tax examiners and collectors, and revenue agents",0.3827486785199424,20.1,2015
940,Tax preparers,0.3830858273078046,20.1,2015
950,"Financial specialists, all other",0.3611421872738494,20.1,2015
1005,Computer and information research scientists,0.36000553535322466,20.1,2015
1006,Computer systems analysts,0.3564129674073716,20.1,2015
1007,Information security analysts,0.37465643999909143,20.1,2015
1010,Computer programmers,0.3745012808268697,20.1,2015
1020,"Software developers, applications and systems software",0.378974324778408,20.1,2015
1030,Web developers,0.3644453296156144,20.1,2015
1050,Computer support specialists,0.35634610830143326,20.1,2015
1060,Database administrators,0.3781531382415254,20.1,2015
1105,Network and computer systems administrators,0.36035202527360943,20.1,2015
1106,Computer network architects ,0.3547184288798564,20.1,2015
1107,"Computer occupations, all other",0.3648783539182076,20.1,2015
1200,Actuaries,0.36464895605863035,20.1,2015
1210,Mathematicians,0.36743023882666026,20.1,2015
1220,Operations research analysts,0.3620176605782025,20.1,2015
1230,Statisticians,0.3661990176535763,20.1,2015
1240,Miscellaneous mathematical science occupations,0.41003433608363654,20.1,2015
1300,"Architects, except naval",0.36140686519929005,20.1,2015
1310,"Surveyors, cartographers, and photogrammetrists",0.3650246198885985,20.1,2015
1320,Aerospace engineers,0.37622945335325736,20.1,2015
1330,Agricultural engineers,0.3754327255942765,20.1,2015
1340,Biomedical engineers,0.3660461750970203,20.1,2015
1350,Chemical engineers,0.3601351156277969,20.1,2015
1360,Civil engineers,0.36338259236755655,20.1,2015
1400,Computer hardware engineers,0.37439472268357155,20.1,2015
1410,Electrical and electronics engineers,0.3717097059857145,20.1,2015
1420,Environmental engineers,0.35899217355526347,20.1,2015
1430,"Industrial engineers, including health and safety",0.3613043449554324,20.1,2015
1440,Marine engineers and naval architects,0.3693170870089959,20.1,2015
1450,Materials engineers,0.37080775373254604,20.1,2015
1460,Mechanical engineers,0.36764455549316394,20.1,2015
1500,"Mining and geological engineers, including mining safety engineers",0.37851272534464475,20.1,2015
1510,Nuclear engineers,0.3588656618750578,20.1,2015
1520,Petroleum engineers,0.3669506417243143,20.1,2015
1530,"Engineers, all other",0.3636780487036433,20.1,2015
1540,Drafters,0.3822260812924979,20.1,2015
1550,"Engineering technicians, except drafters",0.36101001146893197,20.1,2015
1560,Surveying and mapping technicians,0.37687097666918945,20.1,2015
1600,Agricultural and food scientists,0.3617932824493377,20.1,2015
1610,Biological scientists,0.3689187605017389,20.1,2015
1640,Conservation scientists and foresters,0.35892959989116324,20.1,2015
1650,Medical scientists,0.3492131812820842,20.1,2015
1660,"Life scientists, all other",0.3559365364727025,20.1,2015
1700,Astronomers and physicists,0.36570948960069566,20.1,2015
1710,Atmospheric and space scientists,0.35747728322809175,20.1,2015
1720,Chemists and materials scientists,0.3591062634165431,20.1,2015
1740,Environmental scientists and geoscientists,0.36060122159555813,20.1,2015
1760,"Physical scientists, all other",0.36950546167268206,20.1,2015
1800,Economists,0.3668250474701959,20.1,2015
1815,Survey researchers,0.35558989074053643,20.1,2015
1820,Psychologists,0.3403726656338285,20.1,2015
1830,Sociologists,0.3635546267496112,20.1,2015
1840,Urban and regional planners,0.35425518749226514,20.1,2015
1860,Miscellaneous social scientists and related workers,0.36559118257217077,20.1,2015
1900,Agricultural and food science technicians,0.35293394148714685,20.1,2015
1910,Biological technicians,0.3846605985288684,20.1,2015
1920,Chemical technicians,0.35203300442327323,20.1,2015
1930,Geological and petroleum technicians,0.3669968129514136,20.1,2015
1940,Nuclear technicians,0.35545311190650003,20.1,2015
1950,Social science research assistants,0.3727543658555743,20.1,2015
1965,"Miscellaneous life, physical, and social science technicians",0.36726182121623263,20.1,2015
2000,Counselors,0.3414443733211828,20.1,2015
2010,Social workers,0.34195158251278795,20.1,2015
2015,Probation officers and correctional treatment specialists,0.36623453600413386,20.1,2015
2016,Social and human service assistants,0.3506062952466152,20.1,2015
2025,"Miscellaneous community and social service specialists, including health educators and community health workers",0.3366374734893162,20.1,2015
2040,Clergy,0.3233209259561342,20.1,2015
2050,"Directors, religious activities and education",0.3290678626097698,20.1,2015
2060,"Religious workers, all other",0.3250216099680375,20.1,2015
2100,Lawyers,0.3589471065783226,20.1,2015
2105,Judicial law clerks,0.39318468657972233,20.1,2015
2110,"Judges, magistrates, and other judicial workers",0.3811013942890806,20.1,2015
2145,Paralegals and legal assistants,0.38942533535153195,20.1,2015
2160,Miscellaneous legal support workers,0.40078215900522757,20.1,2015
2200,Postsecondary teachers,0.3482070267895076,20.1,2015
2300,Preschool and kindergarten teachers,0.3216846453230465,20.1,2015
2310,Elementary and middle school teachers,0.34370245418451006,20.1,2015
2320,Secondary school teachers,0.34586974074773086,20.1,2015
2330,Special education teachers,0.33784904908721614,20.1,2015
2340,Other teachers and instructors,0.33504233719845866,20.1,2015
2400,"Archivists, curators, and museum technicians",0.3519302351411142,20.1,2015
2430,Librarians,0.362653086343775,20.1,2015
2440,Library technicians,0.35980887553208635,20.1,2015
2540,Teacher assistants,0.3233519626645157,20.1,2015
2550,"Other education, training, and library workers",0.34151922571862114,20.1,2015
2600,Artists and related workers,0.35918058475216225,20.1,2015
2630,Designers,0.3495345225214185,20.1,2015
2700,Actors,0.3158757255035849,20.1,2015
2710,Producers and directors,0.3453836290862219,20.1,2015
2720,"Athletes, coaches, umpires, and related workers",0.3078549584035755,20.1,2015
2740,Dancers and choreographers,0.30253841176595486,20.1,2015
2750,"Musicians, singers, and related workers",0.33058171549529264,20.1,2015
2760,"Entertainers and performers, sports and related workers, all other",0.31940704548692944,20.1,2015
2800,Announcers,0.3635008652180187,20.1,2015
2810,"News analysts, reporters and correspondents",0.3740533380189484,20.1,2015
2825,Public relations specialists,0.34286086333745686,20.1,2015
2830,Editors,0.3641864561586639,20.1,2015
2840,Technical writers,0.3698045738045738,20.1,2015
2850,Writers and authors,0.3611855257214178,20.1,2015
2860,Miscellaneous media and communication workers,0.3515573416369816,20.1,2015
2900,Broadcast and sound engineering technicians and radio operators,0.36220668418549334,20.1,2015
2910,Photographers,0.3447658108190522,20.1,2015
2920,"Television, video, and motion picture camera operators and editors",0.35936831878590314,20.1,2015
2960,"Media and communication equipment workers, all other",0.3572449954185177,20.1,2015
3000,Chiropractors,0.34092287782585834,20.1,2015
3010,Dentists,0.34221416745769456,20.1,2015
3030,Dietitians and nutritionists,0.3421020054468928,20.1,2015
3040,Optometrists,0.3462536479026757,20.1,2015
3050,Pharmacists,0.34920947781891903,20.1,2015
3060,Physicians and surgeons,0.3500425179597228,20.1,2015
3110,Physician assistants,0.3448956059038461,20.1,2015
3120,Podiatrists,0.3560136861709039,20.1,2015
3140,Audiologists,0.33982899763507374,20.1,2015
3150,Occupational therapists,0.3305973086178804,20.1,2015
3160,Physical therapists,0.33581314129854384,20.1,2015
3200,Radiation therapists,0.34813926336138423,20.1,2015
3210,Recreational therapists,0.332041547804467,20.1,2015
3220,Respiratory therapists,0.3437260240489398,20.1,2015
3230,Speech-language pathologists,0.35417048579285054,20.1,2015
3235,Exercise physiologists,0.33220480443693584,20.1,2015
3245,"Therapists, all other",0.3404840084285277,20.1,2015
3250,Veterinarians,0.3440028439388554,20.1,2015
3255,Registered nurses,0.3342755937635829,20.1,2015
3256,Nurse anesthetists,0.3332677452728992,20.1,2015
3257,Nurse midwives,0.3340860804147681,20.1,2015
3258,Nurse practitioners,0.3356728573045754,20.1,2015
3260,"Health diagnosing and treating practitioners, all other",0.3537234141940744,20.1,2015
3300,Clinical laboratory technologists and technicians,0.351954964006274,20.1,2015
3310,Dental hygienists,0.3428308823529412,20.1,2015
3320,Diagnostic related technologists and technicians,0.3490996904696416,20.1,2015
3400,Emergency medical technicians and paramedics,0.3397788499446186,20.1,2015
3420,Health practitioner support technologists and technicians,0.3384892965819845,20.1,2015
3500,Licensed practical and licensed vocational nurses,0.3284590232273361,20.1,2015
3510,Medical records and health information technicians,0.3754908633959893,20.1,2015
3520,"Opticians, dispensing",0.35791958003396784,20.1,2015
3535,Miscellaneous health technologists and technicians,0.33787362744746885,20.1,2015
3540,Other healthcare practitioners and technical occupations,0.34474855607674576,20.1,2015
3600,"Nursing, psychiatric, and home health aides",0.3155838768072014,20.1,2015
3610,Occupational therapy assistants and aides,0.33966697661402,20.1,2015
3620,Physical therapist assistants and aides,0.33018393633996185,20.1,2015
3630,Massage therapists,0.34739265722890056,20.1,2015
3640,Dental assistants,0.34306149292995725,20.1,2015
3645,Medical assistants,0.3365942395149065,20.1,2015
3646,Medical transcriptionists,0.3864406779661017,20.1,2015
3647,Pharmacy aides,0.327973066226135,20.1,2015
3648,Veterinary assistants and laboratory animal caretakers,0.331958871685085,20.1,2015
3649,Phlebotomists,0.3331149476594335,20.1,2015
3655,"Miscellaneous healthcare support occupations, including medical equipment preparers",0.34057095121023195,20.1,2015
3700,First-line supervisors of correctional officers,0.32858730511542245,20.1,2015
3710,First-line supervisors of police and detectives,0.34905972268139474,20.1,2015
3720,First-line supervisors of fire fighting and prevention workers,0.33159298213952915,20.1,2015
3730,"First-line supervisors of protective service workers, all other",0.3396792277172507,20.1,2015
3740,Firefighters,0.32914613154323774,20.1,2015
3750,Fire inspectors,0.35744037712481597,20.1,2015
3800,"Bailiffs, correctional officers, and jailers",0.3352813953702115,20.1,2015
3820,Detectives and criminal investigators,0.3644814520374301,20.1,2015
3830,Fish and game wardens,0.356395356568222,20.1,2015
3840,Parking enforcement workers,0.3543573138110658,20.1,2015
3850,Police and sheriff's patrol officers,0.35488743349059426,20.1,2015
3860,Transit and railroad police,0.35011119716358424,20.1,2015
3900,Animal control workers,0.34370181818181816,20.1,2015
3910,Private detectives and investigators,0.38517343173431734,20.1,2015
3930,Security guards and gaming surveillance officers,0.32506549558222586,20.1,2015
3940,Crossing guards,0.2983128759352536,20.1,2015
3945,Transportation security screeners,0.3211349978125887,20.1,2015
3955,"Lifeguards and other recreational, and all other protective service workers",0.3267342818522802,20.1,2015
4000,Chefs and head cooks,0.3224475669689209,20.1,2015
4010,First-line supervisors of food preparation and serving workers,0.31981028330328487,20.1,2015
4020,Cooks,0.31916461454281053,20.1,2015
4030,Food preparation workers,0.3013036293530815,20.1,2015
4040,Bartenders,0.3149728178797946,20.1,2015
4050,"Combined food preparation and serving workers, including fast food",0.3142434355519174,20.1,2015
4060,"Counter attendants, cafeteria, food concession, and coffee shop",0.32746832830300243,20.1,2015
4110,Waiters and waitresses,0.30846790720550865,20.1,2015
4120,"Food servers, nonrestaurant",0.3240146535373743,20.1,2015
4130,Dining room and cafeteria attendants and bartender helpers,0.31766227131956193,20.1,2015
4140,Dishwashers,0.3088609127224307,20.1,2015
4150,"Hosts and hostesses, restaurant, lounge, and coffee shop",0.3158751696065129,20.1,2015
4160,"Food preparation and serving related workers, all other",0.31373271477430503,20.1,2015
4200,First-line supervisors of housekeeping and janitorial workers,0.3179710123350182,20.1,2015
4210,"First-line supervisors of landscaping, lawn service, and groundskeeping workers",0.33478141135972456,20.1,2015
4220,Janitors and building cleaners,0.3223174516859758,20.1,2015
4230,Maids and housekeeping cleaners,0.32996975216288305,20.1,2015
4240,Pest control workers,0.34853723209446097,20.1,2015
4250,Grounds maintenance workers,0.3176200688956431,20.1,2015
4300,First-line supervisors of gaming workers,0.32727869235122414,20.1,2015
4320,First-line supervisors of personal service workers,0.33651285387529173,20.1,2015
4340,Animal trainers,0.32356462910854344,20.1,2015
4350,Nonfarm animal caretakers,0.32115007696901887,20.1,2015
4400,Gaming services workers,0.32308848203560014,20.1,2015
4410,Motion picture projectionists,0.3305481170129826,20.1,2015
4420,"Ushers, lobby attendants, and ticket takers",0.3281074311415016,20.1,2015
4430,Miscellaneous entertainment attendants and related workers,0.3140497385052422,20.1,2015
4460,Embalmers and funeral attendants,0.33457488807073155,20.1,2015
4465,"Morticians, undertakers, and funeral directors",0.33847960586617776,20.1,2015
4500,Barbers,0.3267632370290865,20.1,2015
4510,"Hairdressers, hairstylists, and cosmetologists",0.31769707450641305,20.1,2015
4520,Miscellaneous personal appearance workers,0.31657177611793447,20.1,2015
4530,"Baggage porters, bellhops, and concierges",0.3318019695653591,20.1,2015
4540,Tour and travel guides,0.3336546223466555,20.1,2015
4600,Childcare workers,0.3057400431241289,20.1,2015
4610,Personal care aides,0.320745042992948,20.1,2015
4620,Recreation and fitness workers,0.31462967799567243,20.1,2015
4640,Residential advisors,0.3350061174128528,20.1,2015
4650,"Personal care and service workers, all other ",0.3166781023108315,20.1,2015
4700,First-line supervisors of retail sales workers,0.3244616501330752,20.1,2015
4710,First-line supervisors of non-retail sales workers,0.32014564389934447,20.1,2015
4720,Cashiers,0.3141760201379328,20.1,2015
4740,Counter and rental clerks,0.33616371702523495,20.1,2015
4750,Parts salespersons,0.34281584429861767,20.1,2015
4760,Retail salespersons,0.3307333113119726,20.1,2015
4800,Advertising sales agents,0.35892812835993715,20.1,2015
4810,Insurance sales agents,0.3594963902975194,20.1,2015
4820,"Securities, commodities, and financial services sales agents",0.36694708233267853,20.1,2015
4830,Travel agents,0.3535826015989844,20.1,2015
4840,"Sales representatives, services, all other",0.3818956477222997,20.1,2015
4850,"Sales representatives, wholesale and manufacturing",0.34860206740504446,20.1,2015
4900,"Models, demonstrators, and product promoters",0.3721680319414811,20.1,2015
4920,Real estate brokers and sales agents,0.3595915213678488,20.1,2015
4930,Sales engineers,0.3450026255907579,20.1,2015
4940,Telemarketers,0.35112336766972185,20.1,2015
4950,"Door-to-door sales workers, news and street vendors, and related workers",0.3147861642170406,20.1,2015
4965,"Sales and related workers, all other",0.3147861642170406,20.1,2015
5000,First-line supervisors of office and administrative support workers,0.3463598615916955,20.1,2015
5010,"Switchboard operators, including answering service",0.35779451941385876,20.1,2015
5020,Telephone operators,0.3305776556871485,20.1,2015
5030,"Communications equipment operators, all other",0.3553875858870068,20.1,2015
5100,Bill and account collectors,0.3685446832380886,20.1,2015
5110,Billing and posting clerks ,0.37516061391729916,20.1,2015
5120,"Bookkeeping, accounting, and auditing clerks",0.38746554240311337,20.1,2015
5130,Gaming cage workers,0.3587273938214048,20.1,2015
5140,Payroll and timekeeping clerks,0.3717619411957591,20.1,2015
5150,Procurement clerks,0.3752445976738867,20.1,2015
5160,Tellers,0.3664517673615268,20.1,2015
5165,"Financial clerks, all other",0.37902209962605954,20.1,2015
5200,Brokerage clerks,0.3732214097350347,20.1,2015
5210,Correspondence clerks,0.36693354979153603,20.1,2015
5220,"Court, municipal, and license clerks",0.3849773271766175,20.1,2015
5230,"Credit authorizers, checkers, and clerks",0.3523972570853624,20.1,2015
5240,Customer service representatives,0.3501478584355947,20.1,2015
5250,"Eligibility interviewers, government programs",0.38479658900850394,20.1,2015
5260,File clerks,0.35841364294822303,20.1,2015
5300,"Hotel, motel, and resort desk clerks",0.35091430076544256,20.1,2015
5310,"Interviewers, except eligibility and loan",0.3678691187803303,20.1,2015
5320,"Library assistants, clerical",0.3553514659131049,20.1,2015
5330,Loan interviewers and clerks,0.37026070270627937,20.1,2015
5340,New accounts clerks,0.36313045773486136,20.1,2015
5350,Order clerks,0.3715899856827768,20.1,2015
5360,"Human resources assistants, except payroll and timekeeping",0.36923763259641124,20.1,2015
5400,Receptionists and information clerks,0.3679526430641956,20.1,2015
5410,Reservation and transportation ticket agents and travel clerks,0.35102445425435563,20.1,2015
5420,"Information and record clerks, all other",0.3666914465226709,20.1,2015
5500,Cargo and freight agents,0.36141590311998006,20.1,2015
5510,Couriers and messengers,0.3499849759615385,20.1,2015
5520,Dispatchers,0.354268568206196,20.1,2015
5530,"Meter readers, utilities",0.3431536658855039,20.1,2015
5540,Postal service clerks,0.3475010158472166,20.1,2015
5550,Postal service mail carriers,0.33672568000294456,20.1,2015
5560,"Postal service mail sorters, processors, and processing machine operators",0.3362972463365843,20.1,2015
5600,"Production, planning, and expediting clerks",0.3615162265142557,20.1,2015
5610,"Shipping, receiving, and traffic clerks",0.35177769210797544,20.1,2015
5620,Stock clerks and order fillers,0.32543835173250096,20.1,2015
5630,"Weighers, measurers, checkers, and samplers, recordkeeping",0.37546923453566183,20.1,2015
5700,Secretaries and administrative assistants,0.37254444546197596,20.1,2015
5800,Computer operators,0.3828422399688983,20.1,2015
5810,Data entry keyers,0.3843380456627306,20.1,2015
5820,Word processors and typists,0.37856081830660177,20.1,2015
5830,Desktop publishers,0.35594426326712125,20.1,2015
5840,Insurance claims and policy processing clerks,0.3746787833224106,20.1,2015
5850,"Mail clerks and mail machine operators, except postal service",0.35106297847368556,20.1,2015
5860,"Office clerks, general",0.3741035235422514,20.1,2015
5900,"Office machine operators, except computer",0.34545894144540173,20.1,2015
5910,Proofreaders and copy markers,0.33800050229621126,20.1,2015
5920,Statistical assistants,0.37840794758733276,20.1,2015
5940,"Office and administrative support workers, all other",0.37840794758733276,20.1,2015
6005,"First-line supervisors of farming, fishing, and forestry workers",0.33414382834168976,20.1,2015
6010,Agricultural inspectors,0.34881013399721755,20.1,2015
6020,Animal breeders,0.35566590687072613,20.1,2015
6040,"Graders and sorters, agricultural products",0.3087847923434893,20.1,2015
6050,Miscellaneous agricultural workers ,0.3125325304469106,20.1,2015
6100,Fishers and related fishing workers,0.31896473983226625,20.1,2015
6110,Hunters and trappers,0.34863832263614664,20.1,2015
6120,Forest and conservation workers,0.34562757567719693,20.1,2015
6130,Logging workers,0.3269219884491008,20.1,2015
6200,First-line supervisors of construction trades and extraction workers,0.33586396373575,20.1,2015
6210,Boilermakers,0.33330381169738055,20.1,2015
6220,"Brickmasons, blockmasons, and stonemasons",0.3313265071297472,20.1,2015
6230,Carpenters,0.3276008050417489,20.1,2015
6240,"Carpet, floor, and tile installers and finishers",0.33121596247085416,20.1,2015
6250,"Cement masons, concrete finishers, and terrazzo workers",0.33735665775023216,20.1,2015
6260,Construction laborers,0.3342250196695515,20.1,2015
6300,"Paving, surfacing, and tamping equipment operators",0.3366217723256413,20.1,2015
6310,Pile-driver operators,0.3445147679324895,20.1,2015
6320,Operating engineers and other construction equipment operators,0.35230918778275583,20.1,2015
6330,"Drywall installers, ceiling tile installers, and tapers",0.3248344422657294,20.1,2015
6355,Electricians,0.3392157856258731,20.1,2015
6360,Glaziers,0.3449810006333122,20.1,2015
6400,Insulation workers,0.3186627435290051,20.1,2015
6420,"Painters, construction and maintenance",0.32743850067170266,20.1,2015
6430,Paperhangers,0.31254859275384855,20.1,2015
6440,"Pipelayers, plumbers, pipefitters, and steamfitters",0.33669167362083097,20.1,2015
6460,Plasterers and stucco masons,0.3327181928427776,20.1,2015
6500,Reinforcing iron and rebar workers,0.31222778702295545,20.1,2015
6515,Roofers,0.31831081367275194,20.1,2015
6520,Sheet metal workers,0.33625582575792534,20.1,2015
6530,Structural iron and steel workers,0.32407153126665916,20.1,2015
6540,Solar photovoltaic installers,0.3256429573619568,20.1,2015
6600,"Helpers, construction trades",0.3228901676692077,20.1,2015
6660,Construction and building inspectors,0.3651484965018765,20.1,2015
6700,Elevator installers and repairers,0.3279340037333654,20.1,2015
6710,Fence erectors,0.34733682148520645,20.1,2015
6720,Hazardous materials removal workers,0.33215434083601286,20.1,2015
6730,Highway maintenance workers,0.34587318557211433,20.1,2015
6740,Rail-track laying and maintenance equipment operators,0.33761189215343673,20.1,2015
6750,Septic tank servicers and sewer pipe cleaners,0.3425109029813398,20.1,2015
6765,Miscellaneous construction and related workers,0.3404658945571049,20.1,2015
6800,"Derrick, rotary drill, and service unit operators, oil, gas, and mining",0.31334409828226256,20.1,2015
6820,"Earth drillers, except oil and gas",0.32439327533198137,20.1,2015
6830,"Explosives workers, ordnance handling experts, and blasters",0.34854467658012206,20.1,2015
6840,Mining machine operators,0.3134047544086329,20.1,2015
6910,"Roof bolters, mining",0.3171651308867136,20.1,2015
6920,"Roustabouts, oil and gas",0.3229439888442512,20.1,2015
6930,Helpers—extraction workers,0.3306647514839146,20.1,2015
6940,Other extraction workers,0.32082215859619856,20.1,2015
7000,"First-line supervisors of mechanics, installers, and repairers",0.3330985464557853,20.1,2015
7010,"Computer, automated teller, and office machine repairers",0.3584285248041776,20.1,2015
7020,Radio and telecommunications equipment installers and repairers,0.3498253574346144,20.1,2015
7030,Avionics technicians,0.3473767334894224,20.1,2015
7040,"Electric motor, power tool, and related repairers",0.32992906944245104,20.1,2015
7050,"Electrical and electronics installers and repairers, transportation equipment",0.3426985693142576,20.1,2015
7100,"Electrical and electronics repairers, industrial and utility",0.34246495858557957,20.1,2015
7110,"Electronic equipment installers and repairers, motor vehicles",0.31685428742491334,20.1,2015
7120,Electronic home entertainment equipment installers and repairers,0.34187587689184756,20.1,2015
7130,Security and fire alarm systems installers,0.3404235463029433,20.1,2015
7140,Aircraft mechanics and service technicians,0.34929660023446657,20.1,2015
7150,Automotive body and related repairers,0.3459191973969631,20.1,2015
7160,Automotive glass installers and repairers,0.33724136035978275,20.1,2015
7200,Automotive service technicians and mechanics,0.3447148863446434,20.1,2015
7210,Bus and truck mechanics and diesel engine specialists,0.3398567627791896,20.1,2015
7220,Heavy vehicle and mobile equipment service technicians and mechanics,0.3293336435445375,20.1,2015
7240,Small engine mechanics,0.3533134611485104,20.1,2015
7260,"Miscellaneous vehicle and mobile equipment mechanics, installers, and repairers",0.34164976240677564,20.1,2015
7300,Control and valve installers and repairers,0.348073211228046,20.1,2015
7315,"Heating, air conditioning, and refrigeration mechanics and installers",0.33606662280154276,20.1,2015
7320,Home appliance repairers,0.3368360624750597,20.1,2015
7330,Industrial and refractory machinery mechanics,0.33472193072999556,20.1,2015
7340,"Maintenance and repair workers, general",0.319919762210275,20.1,2015
7350,"Maintenance workers, machinery",0.3359941660328239,20.1,2015
7360,Millwrights,0.3279739437057074,20.1,2015
7410,Electrical power-line installers and repairers,0.3317649694729177,20.1,2015
7420,Telecommunications line installers and repairers,0.33981208165301624,20.1,2015
7430,Precision instrument and equipment repairers,0.3499138966238823,20.1,2015
7440,Wind turbine service technicians,0.3381910152956763,20.1,2015
7510,"Coin, vending, and amusement machine servicers and repairers",0.3252038648667169,20.1,2015
7520,Commercial divers,0.330479654498543,20.1,2015
7540,Locksmiths and safe repairers,0.35249175327208876,20.1,2015
7550,Manufactured building and mobile home installers,0.3257299761310816,20.1,2015
7560,Riggers,0.33809714824108883,20.1,2015
7600,Signal and track switch repairers,0.3383949354972045,20.1,2015
7610,"Helpers—installation, maintenance, and repair workers ",0.3094167202113229,20.1,2015
7630,"Other installation, maintenance, and repair workers",0.3400707079153268,20.1,2015
7700,First-line supervisors of production and operating workers,0.32497370762883265,20.1,2015
7710,"Aircraft structure, surfaces, rigging, and systems assemblers",0.35123208411654133,20.1,2015
7720,"Electrical, electronics, and electromechanical assemblers",0.33839401229621685,20.1,2015
7730,Engine and other machine assemblers,0.3309917058490129,20.1,2015
7740,Structural metal fabricators and fitters,0.35210641438301354,20.1,2015
7750,Miscellaneous assemblers and fabricators,0.35536345387414614,20.1,2015
7800,Bakers,0.3329941651058925,20.1,2015
7810,"Butchers and other meat, poultry, and fish processing workers",0.30962037768239087,20.1,2015
7830,"Food and tobacco roasting, baking, and drying machine operators and tenders",0.3062361511852194,20.1,2015
7840,Food batchmakers,0.3490840176879343,20.1,2015
7850,Food cooking machine operators and tenders,0.32729259825421086,20.1,2015
7855,"Food processing workers, all other",0.3404573477493929,20.1,2015
7900,Computer control programmers and operators,0.34913990945199436,20.1,2015
7920,"Extruding and drawing machine setters, operators, and tenders, metal and plastic",0.3451552102165635,20.1,2015
7930,"Forging machine setters, operators, and tenders, metal and plastic",0.3448850383205598,20.1,2015
7940,"Rolling machine setters, operators, and tenders, metal and plastic",0.334807817446681,20.1,2015
7950,"Cutting, punching, and press machine setters, operators, and tenders, metal and plastic",0.3455466912388758,20.1,2015
7960,"Drilling and boring machine tool setters, operators, and tenders, metal and plastic ",0.34725678535711796,20.1,2015
8000,"Grinding, lapping, polishing, and buffing machine tool setters, operators, and tenders, metal and plastic",0.3498021392469538,20.1,2015
8010,"Lathe and turning machine tool setters, operators, and tenders, metal and plastic",0.35899026815689944,20.1,2015
8020,"Milling and planing machine setters, operators, and tenders, metal and plastic",0.35091376217945613,20.1,2015
8030,Machinists,0.35375965564991074,20.1,2015
8040,"Metal furnace operators, tenders, pourers, and casters",0.34041152236012734,20.1,2015
8060,"Model makers and patternmakers, metal and plastic",0.3552396744861988,20.1,2015
8100,"Molders and molding machine setters, operators, and tenders, metal and plastic",0.33551424318823797,20.1,2015
8120,"Multiple machine tool setters, operators, and tenders, metal and plastic ",0.35350294333139637,20.1,2015
8130,Tool and die makers,0.3539174950070017,20.1,2015
8140,"Welding, soldering, and brazing workers",0.33634211529740093,20.1,2015
8150,"Heat treating equipment setters, operators, and tenders, metal and plastic",0.3493152347131105,20.1,2015
8160,"Layout workers, metal and plastic",0.3375,20.1,2015
8200,"Plating and coating machine setters, operators, and tenders, metal and plastic",0.31635795541269746,20.1,2015
8210,"Tool grinders, filers, and sharpeners",0.335884271144106,20.1,2015
8220,"Metal workers and plastic workers, all other",0.33066414787975074,20.1,2015
8250,Prepress technicians and workers,0.36352816045380876,20.1,2015
8255,Printing press operators,0.351982618142314,20.1,2015
8256,Print binding and finishing workers,0.3355485778739749,20.1,2015
8300,Laundry and dry-cleaning workers,0.30355813481321064,20.1,2015
8310,"Pressers, textile, garment, and related materials",0.34111708548227804,20.1,2015
8320,Sewing machine operators,0.3267850359880397,20.1,2015
8330,Shoe and leather workers and repairers,0.317305557024269,20.1,2015
8340,Shoe machine operators and tenders,0.3224521684485848,20.1,2015
8350,"Tailors, dressmakers, and sewers",0.34936068895251393,20.1,2015
8360,Textile bleaching and dyeing machine operators and tenders,0.33774053230444084,20.1,2015
8400,"Textile cutting machine setters, operators, and tenders",0.33494101544678356,20.1,2015
8410,"Textile knitting and weaving machine setters, operators, and tenders",0.3070997458703939,20.1,2015
8420,"Textile winding, twisting, and drawing out machine setters, operators, and tenders",0.3222533077779151,20.1,2015
8430,"Extruding and forming machine setters, operators, and tenders, synthetic and glass fibers",0.3253290159177981,20.1,2015
8440,Fabric and apparel patternmakers,0.3596929371200567,20.1,2015
8450,Upholsterers,0.31805157593123207,20.1,2015
8460,"Textile, apparel, and furnishings workers, all other",0.3245489944446446,20.1,2015
8500,Cabinetmakers and bench carpenters,0.35235869170391193,20.1,2015
8510,Furniture finishers,0.3185314076909692,20.1,2015
8520,"Model makers and patternmakers, wood",0.3618790307711336,20.1,2015
8530,"Sawing machine setters, operators, and tenders, wood",0.3176984126984127,20.1,2015
8540,"Woodworking machine setters, operators, and tenders, except sawing",0.3354711442274432,20.1,2015
8550,"Woodworkers, all other",0.33757057111685373,20.1,2015
8600,"Power plant operators, distributors, and dispatchers",0.35918824958643963,20.1,2015
8610,Stationary engineers and boiler operators,0.35357929042195235,20.1,2015
8620,Water and wastewater treatment plant and system operators,0.35298442664276514,20.1,2015
8630,Miscellaneous plant and system operators,0.3595105861392922,20.1,2015
8640,"Chemical processing machine setters, operators, and tenders",0.3476690512046443,20.1,2015
8650,"Crushing, grinding, polishing, mixing, and blending workers",0.3412337462655968,20.1,2015
8710,Cutting workers,0.33505454395114187,20.1,2015
8720,"Extruding, forming, pressing, and compacting machine setters, operators, and tenders",0.3413953488372093,20.1,2015
8730,"Furnace, kiln, oven, drier, and kettle operators and tenders",0.3418930978244145,20.1,2015
8740,"Inspectors, testers, sorters, samplers, and weighers",0.342959983777207,20.1,2015
8750,Jewelers and precious stone and metal workers,0.3559946489814932,20.1,2015
8760,"Medical, dental, and ophthalmic laboratory technicians",0.34486216508611256,20.1,2015
8800,Packaging and filling machine operators and tenders,0.3423338635928273,20.1,2015
8810,Painting workers,0.34315028574648543,20.1,2015
8830,Photographic process workers and processing machine operators,0.3298544759664853,20.1,2015
8840,Semiconductor processors,0.33073983073983065,20.1,2015
8850,Adhesive bonding machine operators and tenders,0.32773951839818427,20.1,2015
8860,"Cleaning, washing, and metal pickling equipment operators and tenders",0.30800263461221794,20.1,2015
8900,Cooling and freezing equipment operators and tenders,0.36076330766655507,20.1,2015
8910,Etchers and engravers,0.350339940315195,20.1,2015
8920,"Molders, shapers, and casters, except metal and plastic",0.348364246440363,20.1,2015
8930,"Paper goods machine setters, operators, and tenders",0.3230157854067777,20.1,2015
8940,Tire builders,0.32783272818329784,20.1,2015
8950,Helpers—production workers,0.33006288294098673,20.1,2015
8965,"Production workers, all other",0.33847412172736785,20.1,2015
9000,Supervisors of transportation and material moving workers,0.346808604201678,20.1,2015
9030,Aircraft pilots and flight engineers,0.38076315445020903,20.1,2015
9040,Air traffic controllers and airfield operations specialists,0.37068699632411595,20.1,2015
9050,Flight attendants,0.32023282663074853,20.1,2015
9110,"Ambulance drivers and attendants, except emergency medical technicians",0.33541656202687864,20.1,2015
9120,Bus drivers,0.3440135138413486,20.1,2015
9130,Driver/sales workers and truck drivers,0.3525168337487105,20.1,2015
9140,Taxi drivers and chauffeurs,0.35371082017395883,20.1,2015
9150,"Motor vehicle operators, all other",0.35097429440679895,20.1,2015
9200,Locomotive engineers and operators,0.35374890558293043,20.1,2015
9230,"Railroad brake, signal, and switch operators",0.3300910416584559,20.1,2015
9240,Railroad conductors and yardmasters,0.3506070208650561,20.1,2015
9260,"Subway, streetcar, and other rail transportation workers",0.3480623202854893,20.1,2015
9300,Sailors and marine oilers,0.31748986709397686,20.1,2015
9310,Ship and boat captains and operators,0.34199714013822713,20.1,2015
9330,Ship engineers,0.3397544583580169,20.1,2015
9340,Bridge and lock tenders,0.33354865381634025,20.1,2015
9350,Parking lot attendants,0.33724072484070683,20.1,2015
9360,Automotive and watercraft service attendants   ,0.3456721187547247,20.1,2015
9410,Transportation inspectors,0.3550503257421362,20.1,2015
9415,"Transportation attendants, except flight attendants",0.3023838913747879,20.1,2015
9420,Other transportation workers ,0.3512029334596588,20.1,2015
9500,Conveyor operators and tenders,0.34150588563070283,20.1,2015
9510,Crane and tower operators,0.34048757205819846,20.1,2015
9520,"Dredge, excavating, and loading machine operators",0.3304570570713692,20.1,2015
9560,Hoist and winch operators,0.32773109243697485,20.1,2015
9600,Industrial truck and tractor operators,0.33349688399376065,20.1,2015
9610,Cleaners of vehicles and equipment,0.32854776366648264,20.1,2015
9620,"Laborers and freight, stock, and material movers, hand",0.3132576635008879,20.1,2015
9630,Machine feeders and offbearers,0.3367606688295483,20.1,2015
9640,"Packers and packagers, hand",0.32285211187084084,20.1,2015
9650,Pumping station operators,0.3520770649145994,20.1,2015
9720,Refuse and recyclable material collectors,0.32919971845021073,20.1,2015
9730,Mine shuttle car operators,0.3148313133520482,20.1,2015
9740,"Tank car, truck, and ship loaders",0.3450982571426587,20.1,2015
9750,"Material moving workers, all other",0.3401987028219642,20.1,2015
