census_code,occupation_title,job_zone,onet_version,oews_year
10,Chief executives,5.0,25.1,2020
20,General and operations managers,4.0,25.1,2020
30,Legislators,4.0,25.1,2020
40,Advertising and promotions managers,4.0,25.1,2020
51,Marketing managers,4.0,25.1,2020
52,Sales managers,4.0,25.1,2020
60,Public relations and fundraising managers,4.0,25.1,2020
101,Administrative services managers,3.0,25.1,2020
102,Facilities managers,3.0,25.1,2020
110,Computer and information systems managers,4.0,25.1,2020
120,Financial managers,4.333333333333333,25.1,2020
135,Compensation and benefits managers,4.0,25.1,2020
136,Human resources managers,4.0,25.1,2020
137,Training and development managers,4.0,25.1,2020
140,Industrial production managers,3.6666666666666665,25.1,2020
150,Purchasing managers,4.0,25.1,2020
160,"Transportation, storage, and distribution managers",4.0,25.1,2020
205,"Farmers, ranchers, and other agricultural managers",4.0,25.1,2020
220,Construction managers,4.0,25.1,2020
230,Education and childcare administrators ,4.896813927118305,25.1,2020
300,Architectural and engineering managers,4.5,25.1,2020
310,Food service managers,2.0,25.1,2020
325,Funeral home managers,3.0,25.1,2020
335,Entertainment and recreation managers,3.0,25.1,2020
340,Lodging managers,4.0,25.1,2020
350,Medical and health services managers,5.0,25.1,2020
360,Natural sciences managers,4.333333333333333,25.1,2020
400,Postmasters and mail superintendents,2.0,25.1,2020
410,"Property, real estate, and community association managers",4.0,25.1,2020
420,Social and community service managers,4.0,25.1,2020
425,Emergency management directors,4.0,25.1,2020
426,"Personal service managers, all other",3.5,25.1,2020
440,"Managers, all other",4.0,25.1,2020
500,"Agents and business managers of artists, performers, and athletes",4.0,25.1,2020
510,"Buyers and purchasing agents, farm products",4.0,25.1,2020
520,"Wholesale and retail buyers, except farm products",3.0,25.1,2020
530,"Purchasing agents, except wholesale, retail, and farm products",4.0,25.1,2020
540,"Claims adjusters, appraisers, examiners, and investigators",3.955987615274495,25.1,2020
565,Compliance officers,3.4285714285714284,25.1,2020
600,Cost estimators,4.0,25.1,2020
630,Human resources workers,4.0,25.1,2020
640,"Compensation, benefits, and job analysis specialists",4.0,25.1,2020
650,Training and development specialists,4.0,25.1,2020
700,Logisticians,4.0,25.1,2020
705,Project management specialists,4.0,25.1,2020
710,Management analysts,5.0,25.1,2020
725,"Meeting, convention, and event planners",4.0,25.1,2020
726,Fundraisers,4.0,25.1,2020
735,Market research analysts and marketing specialists,4.0,25.1,2020
750,"Business operations specialists, all other",4.0,25.1,2020
800,Accountants and auditors,4.0,25.1,2020
810,Property appraisers and assessors,4.0,25.1,2020
820,Budget analysts,4.0,25.1,2020
830,Credit analysts,4.0,25.1,2020
845,Financial and investment analysts,4.0,25.1,2020
850,Personal financial advisors,4.0,25.1,2020
860,Insurance underwriters,4.0,25.1,2020
900,Financial examiners,4.0,25.1,2020
910,Credit counselors and loan officers,4.0,25.1,2020
930,"Tax examiners and collectors, and revenue agents",3.0,25.1,2020
940,Tax preparers,3.0,25.1,2020
960,Other financial specialists,3.9483083546203175,25.1,2020
1005,Computer and information research scientists,5.0,25.1,2020
1006,Computer systems analysts,4.0,25.1,2020
1007,Information security analysts,4.0,25.1,2020
1010,Computer programmers,4.0,25.1,2020
1021,Software developers,4.0,25.1,2020
1022,Software quality assurance analysts and testers,4.0,25.1,2020
1031,Web developers,3.0,25.1,2020
1032,Web and digital interface designers,4.0,25.1,2020
1050,Computer support specialists,3.22492185973823,25.1,2020
1065,Database administrators and architects,3.8403018580505504,25.1,2020
1105,Network and computer systems administrators,4.0,25.1,2020
1106,Computer network architects,3.5,25.1,2020
1108,"Computer occupations, all other",4.0,25.1,2020
1200,Actuaries,4.0,25.1,2020
1210,Mathematicians,5.0,25.1,2020
1220,Operations research analysts,5.0,25.1,2020
1230,Statisticians,5.0,25.1,2020
1240,Other mathematical science occupations,4.859517560304962,25.1,2020
1305,"Architects, except landscape and naval",4.0,25.1,2020
1306,Landscape architects,4.0,25.1,2020
1310,"Surveyors, cartographers, and photogrammetrists",4.0,25.1,2020
1320,Aerospace engineers,4.0,25.1,2020
1330,Agricultural engineers,4.0,25.1,2020
1340,Bioengineers and biomedical engineers,4.0,25.1,2020
1350,Chemical engineers,4.0,25.1,2020
1360,Civil engineers,4.0,25.1,2020
1400,Computer hardware engineers,4.0,25.1,2020
1410,Electrical and electronics engineers,4.0,25.1,2020
1420,Environmental engineers,4.0,25.1,2020
1430,"Industrial engineers, including health and safety ",4.231065069911138,25.1,2020
1440,Marine engineers and naval architects,4.0,25.1,2020
1450,Materials engineers,4.0,25.1,2020
1460,Mechanical engineers,4.333333333333333,25.1,2020
1500,"Mining and geological engineers, including mining safety engineers",4.0,25.1,2020
1510,Nuclear engineers,4.0,25.1,2020
1520,Petroleum engineers,4.0,25.1,2020
1530,"Engineers, all other",4.25,25.1,2020
1541,Architectural and civil drafters,3.0,25.1,2020
1545,Other drafters,3.0,25.1,2020
1551,Electrical and electronic engineering technologists and technicians,3.0,25.1,2020
1555,"Other engineering technologists and technicians, except drafters",3.1482612279791162,25.1,2020
1560,Surveying and mapping technicians,3.0,25.1,2020
1600,Agricultural and food scientists,4.559744193874116,25.1,2020
1610,Biological scientists,5.0,25.1,2020
1640,Conservation scientists and foresters,4.0,25.1,2020
1650,Medical scientists,5.0,25.1,2020
1660,"Life scientists, all other",4.854372748116607,25.1,2020
1700,Astronomers and physicists,5.0,25.1,2020
1710,Atmospheric and space scientists,4.0,25.1,2020
1720,Chemists and materials scientists,4.077111383108935,25.1,2020
1745,"Environmental scientists and specialists, including health",4.75,25.1,2020
1750,"Geoscientists and hydrologists, except geographers",4.821753602426898,25.1,2020
1760,"Physical scientists, all other",5.0,25.1,2020
1800,Economists,5.0,25.1,2020
1815,Survey researchers,5.0,25.1,2020
1821,Clinical and counseling psychologists,5.0,25.1,2020
1822,School psychologists,5.0,25.1,2020
1825,Other psychologists,5.0,25.1,2020
1830,Sociologists,5.0,25.1,2020
1840,Urban and regional planners,5.0,25.1,2020
1860,Miscellaneous social scientists and related workers,4.334936514043863,25.1,2020
1900,Agricultural and food science technicians,3.25,25.1,2020
1910,Biological technicians,4.0,25.1,2020
1920,Chemical technicians,3.0,25.1,2020
1935,Environmental  science and geoscience technicians,4.0,25.1,2020
1940,Nuclear technicians,3.0,25.1,2020
1950,Social science research assistants,4.0,25.1,2020
1970,"Other life, physical, and social science technicians",3.5990807415351616,25.1,2020
1980,Occupational health and safety specialists and technicians,3.8208023265759987,25.1,2020
2001,Substance abuse and behavioral disorder counselors,5.0,25.1,2020
2002,"Educational, guidance, and career counselors and advisors",5.0,25.1,2020
2003,Marriage and family therapists,5.0,25.1,2020
2004,Mental health counselors,5.0,25.1,2020
2005,Rehabilitation counselors,4.0,25.1,2020
2006,"Counselors, all other",4.778841487625182,25.1,2020
2011,"Child, family, and school social workers",4.0,25.1,2020
2012,Healthcare social workers,5.0,25.1,2020
2013,Mental health and substance abuse social workers,5.0,25.1,2020
2014,"Social workers, all other",4.47163491731212,25.1,2020
2015,Probation officers and correctional treatment specialists,4.0,25.1,2020
2016,Social and human service assistants,4.0,25.1,2020
2025,Other community and social service specialists,4.0,25.1,2020
2040,Clergy,5.0,25.1,2020
2050,"Directors, religious activities and education",4.0,25.1,2020
2060,"Religious workers, all other",4.724625623960066,25.1,2020
2100,Lawyers,5.0,25.1,2020
2105,Judicial law clerks,5.0,25.1,2020
2110,"Judges, magistrates, and other judicial workers",5.0,25.1,2020
2145,Paralegals and legal assistants,3.0,25.1,2020
2170,"Title examiners, abstractors, and searchers",2.0,25.1,2020
2180,"Legal support workers, all other",2.0,25.1,2020
2205,Postsecondary teachers,5.0,25.1,2020
2300,Preschool and kindergarten teachers,3.24455215673496,25.1,2020
2310,Elementary and middle school teachers,4.0,25.1,2020
2320,Secondary school teachers,4.0,25.1,2020
2330,Special education teachers,4.193032697745233,25.1,2020
2350,Tutors,4.0,25.1,2020
2360,Other teachers and instructors,3.1615526523850757,25.1,2020
2400,"Archivists, curators, and museum technicians",4.605358914985114,25.1,2020
2435,Librarians and media collections specialists,5.0,25.1,2020
2440,Library technicians,3.0,25.1,2020
2545,Teaching assistants,5.0,25.1,2020
2555,Other educational instruction and library workers,5.0,25.1,2020
2600,Artists and related workers,3.816398207581446,25.1,2020
2631,Commercial and industrial designers,4.0,25.1,2020
2632,Fashion designers,3.0,25.1,2020
2633,Floral designers,2.0,25.1,2020
2634,Graphic designers,4.0,25.1,2020
2635,Interior designers,4.0,25.1,2020
2636,Merchandise displayers and window trimmers,3.0,25.1,2020
2640,Other designers,3.5581837680338317,25.1,2020
2700,Actors,2.0,25.1,2020
2710,Producers and directors,4.0,25.1,2020
2721,Athletes and sports competitors,2.0,25.1,2020
2722,Coaches and scouts,4.0,25.1,2020
2723,"Umpires, referees, and other sports officials",3.0,25.1,2020
2740,Dancers and choreographers,3.3269406392694063,25.1,2020
2751,Music directors and composers,4.0,25.1,2020
2752,Musicians and singers,3.0,25.1,2020
2755,"Disc jockeys, except radio ",3.6362771558780587,25.1,2020
2770,"Entertainers and performers, sports and related workers, all other",3.6362771558780587,25.1,2020
2805,Broadcast announcers and radio disc jockeys,4.0,25.1,2020
2810,"News analysts, reporters, and journalists",4.0,25.1,2020
2825,Public relations specialists,4.0,25.1,2020
2830,Editors,4.0,25.1,2020
2840,Technical writers,4.0,25.1,2020
2850,Writers and authors,4.0,25.1,2020
2861,Interpreters and translators,4.0,25.1,2020
2862,Court reporters and simultaneous captioners,3.0,25.1,2020
2865,"Media and communication workers, all other",3.803954802259887,25.1,2020
2905,"Broadcast, sound, and lighting technicians",3.0,25.1,2020
2910,Photographers,3.0,25.1,2020
2920,"Television, video, and film camera operators and editors",3.5242105263157897,25.1,2020
2970,"Media and communication equipment workers, all other",3.1220987250735535,25.1,2020
3000,Chiropractors,5.0,25.1,2020
3010,Dentists,5.0,25.1,2020
3030,Dietitians and nutritionists,5.0,25.1,2020
3040,Optometrists,5.0,25.1,2020
3050,Pharmacists,5.0,25.1,2020
3065,Emergency medicine physicians,5.0,25.1,2020
3070,Radiologists,5.0,25.1,2020
3090,Other physicians,4.12357174988754,25.1,2020
3100,Surgeons,5.0,25.1,2020
3110,Physician assistants,5.0,25.1,2020
3120,Podiatrists,5.0,25.1,2020
3140,Audiologists,5.0,25.1,2020
3150,Occupational therapists,5.0,25.1,2020
3160,Physical therapists,5.0,25.1,2020
3200,Radiation therapists,3.0,25.1,2020
3210,Recreational therapists,4.0,25.1,2020
3220,Respiratory therapists,3.0,25.1,2020
3230,Speech-language pathologists,5.0,25.1,2020
3235,Exercise physiologists,4.0,25.1,2020
3245,"Therapists, all other",4.5,25.1,2020
3250,Veterinarians,5.0,25.1,2020
3255,Registered nurses,3.8,25.1,2020
3256,Nurse anesthetists,5.0,25.1,2020
3257,Nurse midwives,5.0,25.1,2020
3258,Nurse practitioners,5.0,25.1,2020
3261,Acupuncturists,5.0,25.1,2020
3270,"Healthcare diagnosing or treating practitioners, all other",5.0,25.1,2020
3300,Clinical laboratory technologists and technicians,3.6666666666666665,25.1,2020
3310,Dental hygienists,3.0,25.1,2020
3321,Cardiovascular technologists and technicians,3.0,25.1,2020
3322,Diagnostic medical sonographers,3.0,25.1,2020
3323,Radiologic technologists and technicians,3.0,25.1,2020
3324,Magnetic resonance imaging technologists,3.0,25.1,2020
3330,Nuclear medicine technologists and medical dosimetrists,3.0,25.1,2020
3401,Emergency medical technicians,2.996258791584578,25.1,2020
3402,Paramedics,2.996258791584578,25.1,2020
3421,Pharmacy technicians,3.0,25.1,2020
3422,Psychiatric technicians,3.0,25.1,2020
3423,Surgical technologists,3.0,25.1,2020
3424,Veterinary technologists and technicians,3.0,25.1,2020
3430,Dietetic technicians and ophthalmic medical technicians,2.9671235943875014,25.1,2020
3500,Licensed practical and licensed vocational nurses,3.0,25.1,2020
3515,Medical records specialists,2.996258791584578,25.1,2020
3520,"Opticians, dispensing",3.0,25.1,2020
3545,Miscellaneous health technologists and technicians,4.102771362586605,25.1,2020
3550,Other healthcare practitioners and technical occupations,5.0,25.1,2020
3601,Home health aides,2.0,25.1,2020
3602,Personal care aides,2.0,25.1,2020
3603,Nursing assistants,3.0,25.1,2020
3605,Orderlies and psychiatric aides,2.935123484998329,25.1,2020
3610,Occupational therapy assistants and aides,3.0,25.1,2020
3620,Physical therapist assistants and aides,2.669457879159749,25.1,2020
3630,Massage therapists,3.0,25.1,2020
3640,Dental assistants,3.0,25.1,2020
3645,Medical assistants,3.0,25.1,2020
3646,Medical transcriptionists,3.0,25.1,2020
3647,Pharmacy aides,2.0,25.1,2020
3648,Veterinary assistants and laboratory animal caretakers,2.0,25.1,2020
3649,Phlebotomists,3.0,25.1,2020
3655,Other healthcare support workers,2.869513609935689,25.1,2020
3700,First-line supervisors of correctional officers,3.0,25.1,2020
3710,First-line supervisors of police and detectives,3.0,25.1,2020
3720,First-line supervisors of firefighting and prevention workers,3.0,25.1,2020
3725,First-line supervisors of security workers,3.0,25.1,2020
3735,"First-line supervisors of protective service workers, all other",3.0,25.1,2020
3740,Firefighters,3.0,25.1,2020
3750,Fire inspectors ,3.0,25.1,2020
3801,Bailiffs,3.0,25.1,2020
3802,Correctional officers and jailers,2.0,25.1,2020
3820,Detectives and criminal investigators,3.3333333333333335,25.1,2020
3830,Fish and game wardens,4.0,25.1,2020
3840,Parking enforcement workers,2.0,25.1,2020
3870,Police officers,3.0,25.1,2020
3900,Animal control workers,2.0,25.1,2020
3910,Private detectives and investigators,3.0,25.1,2020
3930,Security guards and gambling surveillance officers,2.0,25.1,2020
3940,Crossing guards and flaggers,2.0,25.1,2020
3945,Transportation security screeners,2.0,25.1,2020
3946,School bus monitors,2.0,25.1,2020
3960,Other protective service workers,2.0,25.1,2020
4000,Chefs and head cooks,3.0,25.1,2020
4010,First-line supervisors of food preparation and serving workers,2.0,25.1,2020
4020,Cooks,1.7486882459446478,25.1,2020
4030,Food preparation workers,1.0,25.1,2020
4040,Bartenders,2.0,25.1,2020
4055,Fast food and counter workers,1.0,25.1,2020
4110,Waiters and waitresses,2.0,25.1,2020
4120,"Food servers, nonrestaurant",2.0,25.1,2020
4130,Dining room and cafeteria attendants and bartender helpers,1.0,25.1,2020
4140,Dishwashers,1.0,25.1,2020
4150,"Hosts and hostesses, restaurant, lounge, and coffee shop",2.0,25.1,2020
4160,"Food preparation and serving related workers, all other",1.2912719580612526,25.1,2020
4200,First-line supervisors of housekeeping and janitorial workers,2.0,25.1,2020
4210,"First-line supervisors of landscaping, lawn service, and groundskeeping workers",3.0,25.1,2020
4220,Janitors and building cleaners,1.7144431283873516,25.1,2020
4230,Maids and housekeeping cleaners,1.0,25.1,2020
4240,Pest control workers,2.0,25.1,2020
4251,Landscaping and groundskeeping workers,1.0,25.1,2020
4252,Tree trimmers and pruners,2.0,25.1,2020
4255,Other grounds maintenance workers,1.0801277995697836,25.1,2020
4330,Supervisors of personal care and service workers,2.0,25.1,2020
4340,Animal trainers,2.0,25.1,2020
4350,Animal caretakers,2.0,25.1,2020
4400,Gambling services workers,2.0,25.1,2020
4420,"Ushers, lobby attendants, and ticket takers",2.0,25.1,2020
4435,Other entertainment attendants and related workers,1.4335760093114545,25.1,2020
4461,"Embalmers, crematory operators and funeral attendants",2.468050065876153,25.1,2020
4465,"Morticians, undertakers, and funeral arrangers",3.0,25.1,2020
4500,Barbers,3.0,25.1,2020
4510,"Hairdressers, hairstylists, and cosmetologists",3.0,25.1,2020
4521,Manicurists and pedicurists,2.0,25.1,2020
4522,Skincare specialists,3.0,25.1,2020
4525,Other personal appearance workers,2.3780021416551933,25.1,2020
4530,"Baggage porters, bellhops, and concierges",2.564071122011036,25.1,2020
4540,Tour and travel guides,3.0,25.1,2020
4600,Childcare workers,2.0,25.1,2020
4621,Exercise trainers and group fitness instructors,3.0,25.1,2020
4622,Recreation workers,4.0,25.1,2020
4640,Residential advisors,3.0,25.1,2020
4655,"Personal care and service workers, all other",2.8558589344906538,25.1,2020
4700,First-Line supervisors of retail sales workers,2.0,25.1,2020
4710,First-Line supervisors of non-retail sales workers,4.0,25.1,2020
4720,Cashiers,2.0,25.1,2020
4740,Counter and rental clerks,2.0,25.1,2020
4750,Parts salespersons,2.0,25.1,2020
4760,Retail salespersons,2.0,25.1,2020
4800,Advertising sales agents,4.0,25.1,2020
4810,Insurance sales agents,4.0,25.1,2020
4820,"Securities, commodities, and financial services sales agents",4.0,25.1,2020
4830,Travel agents,3.0,25.1,2020
4840,"Sales representatives of services, except advertising, insurance, financial services, and travel",3.9456606300530788,25.1,2020
4850,"Sales representatives, wholesale and manufacturing",3.9080462337728648,25.1,2020
4900,"Models, demonstrators, and product promoters",1.9675145147912634,25.1,2020
4920,Real estate brokers and sales agents,3.2090930396062807,25.1,2020
4930,Sales engineers,4.0,25.1,2020
4940,Telemarketers,2.0,25.1,2020
4950,"Door-to-door sales workers, news and street vendors, and related workers",1.0,25.1,2020
4965,"Sales and related workers, all other",1.0,25.1,2020
5000,First-Line supervisors of office and administrative support workers,3.0,25.1,2020
5010,"Switchboard operators, including answering service",2.0,25.1,2020
5020,Telephone operators,2.0,25.1,2020
5040,"Communications equipment operators, all other",2.0,25.1,2020
5100,Bill and account collectors,2.0,25.1,2020
5110,Billing and posting clerks,2.0,25.1,2020
5120,"Bookkeeping, accounting, and auditing clerks",3.0,25.1,2020
5130,Gambling cage workers,2.0,25.1,2020
5140,Payroll and timekeeping clerks,2.0,25.1,2020
5150,Procurement clerks,3.0,25.1,2020
5160,Tellers,2.0,25.1,2020
5165,"Financial clerks, all other",2.549222117198819,25.1,2020
5200,Brokerage clerks,3.0,25.1,2020
5210,Correspondence clerks,2.0,25.1,2020
5220,"Court, municipal, and license clerks",2.0,25.1,2020
5230,"Credit authorizers, checkers, and clerks",2.0,25.1,2020
5240,Customer service representatives,2.0,25.1,2020
5250,"Eligibility interviewers, government programs",3.0,25.1,2020
5260,File clerks,2.0,25.1,2020
5300,"Hotel, motel, and resort desk clerks",2.0,25.1,2020
5310,"Interviewers, except eligibility and loan",2.0,25.1,2020
5320,"Library assistants, clerical",2.0,25.1,2020
5330,Loan interviewers and clerks,3.0,25.1,2020
5340,New accounts clerks,3.0,25.1,2020
5350,Order clerks,2.0,25.1,2020
5360,"Human resources assistants, except payroll and timekeeping",3.0,25.1,2020
5400,Receptionists and information clerks,2.0,25.1,2020
5410,Reservation and transportation ticket agents and travel clerks,2.0,25.1,2020
5420,"Information and record clerks, all other",2.1972264173822937,25.1,2020
5500,Cargo and freight agents,2.0,25.1,2020
5510,Couriers and messengers,2.0,25.1,2020
5521,Public safety telecommunicators,2.0,25.1,2020
5522,"Dispatchers, except police, fire, and ambulance",2.0,25.1,2020
5530,"Meter readers, utilities",2.0,25.1,2020
5540,Postal service clerks,2.0,25.1,2020
5550,Postal service mail carriers,2.0,25.1,2020
5560,"Postal service mail sorters, processors, and processing machine operators",2.0,25.1,2020
5600,"Production, planning, and expediting clerks",3.0,25.1,2020
5610,"Shipping, receiving, and inventory clerks",2.0,25.1,2020
5630,"Weighers, measurers, checkers, and samplers, recordkeeping",2.0,25.1,2020
5710,Executive secretaries and executive administrative assistants,3.0,25.1,2020
5720,Legal secretaries and administrative assistants,3.0,25.1,2020
5730,Medical secretaries and administrative assistants,3.0,25.1,2020
5740,"Secretaries and administrative assistants, except legal, medical, and executive",2.0,25.1,2020
5810,Data entry keyers,2.0,25.1,2020
5820,Word processors and typists,2.0,25.1,2020
5830,Desktop publishers,3.0,25.1,2020
5840,Insurance claims and policy processing clerks,2.0,25.1,2020
5850,"Mail clerks and mail machine operators, except postal service",2.0,25.1,2020
5860,"Office clerks, general",2.0,25.1,2020
5900,"Office machine operators, except computer",2.0,25.1,2020
5910,Proofreaders and copy markers,4.0,25.1,2020
5920,Statistical assistants,4.0,25.1,2020
5940,"Office and administrative support workers, all other",4.0,25.1,2020
6005,"First-line supervisors of farming, fishing, and forestry workers",3.0,25.1,2020
6010,Agricultural inspectors,2.0,25.1,2020
6020,Animal breeders,2.0,25.1,2020
6040,"Graders and sorters, agricultural products",1.0,25.1,2020
6050,Miscellaneous agricultural workers,1.1022919849979165,25.1,2020
6115,Fishing and hunting workers,1.0,25.1,2020
6120,Forest and conservation workers,3.0,25.1,2020
6130,Logging workers,1.1003849570624815,25.1,2020
6200,First-line supervisors of construction trades and extraction workers,3.0,25.1,2020
6210,Boilermakers,3.0,25.1,2020
6220,"Brickmasons, blockmasons, and stonemasons",2.164832102549812,25.1,2020
6230,Carpenters,2.0,25.1,2020
6240,"Carpet, floor, and tile installers and finishers",2.0,25.1,2020
6250,"Cement masons, concrete finishers, and terrazzo workers",1.0149584487534626,25.1,2020
6260,Construction laborers,2.0,25.1,2020
6305,Construction equipment operators,2.0,25.1,2020
6330,"Drywall installers, ceiling tile installers, and tapers",2.0,25.1,2020
6355,Electricians,3.0,25.1,2020
6360,Glaziers,2.0,25.1,2020
6400,Insulation workers,2.0,25.1,2020
6410,Painters and paperhangers,2.0,25.1,2020
6441,Pipelayers,2.0,25.1,2020
6442,"Plumbers, pipefitters, and steamfitters",3.0,25.1,2020
6460,Plasterers and stucco masons,1.0,25.1,2020
6500,Reinforcing iron and rebar workers,2.0,25.1,2020
6515,Roofers,2.0,25.1,2020
6520,Sheet metal workers,2.0,25.1,2020
6530,Structural iron and steel workers,2.0,25.1,2020
6540,Solar photovoltaic installers,2.0,25.1,2020
6600,"Helpers, construction trades",1.9524667267086961,25.1,2020
6660,Construction and building inspectors,3.0,25.1,2020
6700,Elevator and escalator installers and repairers,3.0,25.1,2020
6710,Fence erectors,2.0,25.1,2020
6720,Hazardous materials removal workers,3.0,25.1,2020
6730,Highway maintenance workers,2.0,25.1,2020
6740,Rail-track laying and maintenance equipment operators,2.0,25.1,2020
6750,Septic tank servicers and sewer pipe cleaners,1.0,25.1,2020
6765,Miscellaneous construction and related workers,2.0,25.1,2020
6800,"Derrick, rotary drill, and service unit operators, oil and gas  ",1.8641778036025567,25.1,2020
6821,"Excavating and loading machine and dragline operators, surface mining",2.0,25.1,2020
6825,"Earth drillers, except oil and gas",2.0,25.1,2020
6835,"Explosives workers, ordnance handling experts, and blasters",2.0,25.1,2020
6850,Underground mining machine operators,2.0,25.1,2020
6920,"Roustabouts, oil and gas",1.0,25.1,2020
6950,Other extraction workers,1.6938881935753025,25.1,2020
7000,"First-line supervisors of mechanics, installers, and repairers",3.0,25.1,2020
7010,"Computer, automated teller, and office machine repairers",3.0,25.1,2020
7020,Radio and telecommunications equipment installers and repairers,3.0,25.1,2020
7030,Avionics technicians,3.0,25.1,2020
7040,"Electric motor, power tool, and related repairers",3.0,25.1,2020
7050,"Electrical and electronics installers and repairers, transportation equipment",3.0,25.1,2020
7100,"Electrical and electronics repairers, industrial and utility ",3.0,25.1,2020
7110,"Electronic equipment installers and repairers, motor vehicles",3.0,25.1,2020
7120,Audiovisual equipment installers and repairers ,3.0,25.1,2020
7130,Security and fire alarm systems installers,3.0,25.1,2020
7140,Aircraft mechanics and service technicians,3.0,25.1,2020
7150,Automotive body and related repairers,2.0,25.1,2020
7160,Automotive glass installers and repairers,2.0,25.1,2020
7200,Automotive service technicians and mechanics,3.0,25.1,2020
7210,Bus and truck mechanics and diesel engine specialists,3.0,25.1,2020
7220,Heavy vehicle and mobile equipment service technicians and mechanics,2.891546351660104,25.1,2020
7240,Small engine mechanics,2.5185694635488307,25.1,2020
7260,"Miscellaneous vehicle and mobile equipment mechanics, installers, and repairers",2.0,25.1,2020
7300,Control and valve installers and repairers,2.6907553858740116,25.1,2020
7315,"Heating, air conditioning, and refrigeration mechanics and installers",3.0,25.1,2020
7320,Home appliance repairers,2.0,25.1,2020
7330,Industrial and refractory machinery mechanics,2.909021314315645,25.1,2020
7340,"Maintenance and repair workers, general",3.0,25.1,2020
7350,"Maintenance workers, machinery",3.0,25.1,2020
7360,Millwrights,2.0,25.1,2020
7410,Electrical power-line installers and repairers,3.0,25.1,2020
7420,Telecommunications line installers and repairers,2.0,25.1,2020
7430,Precision instrument and equipment repairers,3.0,25.1,2020
7440,Wind turbine service technicians,3.0,25.1,2020
7510,"Coin, vending, and amusement machine servicers and repairers",2.0,25.1,2020
7520,Commercial divers,3.0,25.1,2020
7540,Locksmiths and safe repairers,2.0,25.1,2020
7550,Manufactured building and mobile home installers,2.0,25.1,2020
7560,Riggers,2.0,25.1,2020
7610,"Helpers--installation, maintenance, and repair workers",2.0,25.1,2020
7640,"Other installation, maintenance, and repair workers",2.033568406205924,25.1,2020
7700,First-line supervisors of production and operating workers,3.0,25.1,2020
7710,"Aircraft structure, surfaces, rigging, and systems assemblers",2.0,25.1,2020
7720,"Electrical, electronics, and electromechanical assemblers",2.0,25.1,2020
7730,Engine and other machine assemblers,2.0,25.1,2020
7740,Structural metal fabricators and fitters,3.0,25.1,2020
7750,Other assemblers and fabricators,2.3823529411764706,25.1,2020
7800,Bakers,2.0,25.1,2020
7810,"Butchers and other meat, poultry, and fish processing workers",1.5984346124578759,25.1,2020
7830,"Food and tobacco roasting, baking, and drying machine operators and tenders",2.0,25.1,2020
7840,Food batchmakers,2.0,25.1,2020
7850,Food cooking machine operators and tenders,2.0,25.1,2020
7855,"Food processing workers, all other",2.0,25.1,2020
7905,Computer numerically controlled tool operators and programmers,3.0,25.1,2020
7925,"Forming machine setters, operators, and tenders, metal and plastic",2.0,25.1,2020
7950,"Cutting, punching, and press machine setters, operators, and tenders, metal and plastic",2.0,25.1,2020
8000,"Grinding, lapping, polishing, and buffing machine tool setters, operators, and tenders, metal and plastic",2.0,25.1,2020
8025,"Other machine tool setters, operators, and tenders, metal and plastic",2.0,25.1,2020
8030,Machinists,3.0,25.1,2020
8040,"Metal furnace operators, tenders, pourers, and casters",2.0,25.1,2020
8060,"Model makers and patternmakers, metal and plastic",3.0,25.1,2020
8100,"Molders and molding machine setters, operators, and tenders, metal and plastic",2.0,25.1,2020
8130,Tool and die makers,3.0,25.1,2020
8140,"Welding, soldering, and brazing workers",2.0,25.1,2020
8225,Other metal workers and plastic workers,2.2558984861550253,25.1,2020
8250,Prepress technicians and workers,3.0,25.1,2020
8255,Printing press operators,2.0,25.1,2020
8256,Print binding and finishing workers,2.0,25.1,2020
8300,Laundry and dry-cleaning workers,1.0,25.1,2020
8310,"Pressers, textile, garment, and related materials",1.0,25.1,2020
8320,Sewing machine operators,1.0,25.1,2020
8335,Shoe and leather workers,2.0,25.1,2020
8350,"Tailors, dressmakers, and sewers",2.0,25.1,2020
8365,"Textile machine setters, operators, and tenders",2.0,25.1,2020
8450,Upholsterers,2.0,25.1,2020
8465,"Other textile, apparel, and furnishings workers",2.1000214178624974,25.1,2020
8500,Cabinetmakers and bench carpenters,2.0,25.1,2020
8510,Furniture finishers,2.0,25.1,2020
8530,"Sawing machine setters, operators, and tenders, wood",2.0,25.1,2020
8540,"Woodworking machine setters, operators, and tenders, except sawing",2.0,25.1,2020
8555,Other woodworkers,2.004240918437286,25.1,2020
8600,"Power plant operators, distributors, and dispatchers",2.5442162760146583,25.1,2020
8610,Stationary engineers and boiler operators,3.0,25.1,2020
8620,Water and wastewater treatment plant and system operators,3.0,25.1,2020
8630,Miscellaneous plant and system operators,2.1501101542159025,25.1,2020
8640,"Chemical processing machine setters, operators, and tenders",2.0,25.1,2020
8650,"Crushing, grinding, polishing, mixing, and blending workers",1.8607411696583671,25.1,2020
8710,Cutting workers,1.8686203490286466,25.1,2020
8720,"Extruding, forming, pressing, and compacting machine setters, operators, and tenders",2.0,25.1,2020
8730,"Furnace, kiln, oven, drier, and kettle operators and tenders",2.0,25.1,2020
8740,"Inspectors, testers, sorters, samplers, and weighers",2.0,25.1,2020
8750,Jewelers and precious stone and metal workers,3.0,25.1,2020
8760,Dental and ophthalmic laboratory technicians and medical appliance technicians,2.194055201698514,25.1,2020
8800,Packaging and filling machine operators and tenders,2.0,25.1,2020
8810,Painting workers,1.9205998527147352,25.1,2020
8830,Photographic process workers and processing machine operators,2.0,25.1,2020
8850,Adhesive bonding machine operators and tenders,2.0,25.1,2020
8910,Etchers and engravers,2.0,25.1,2020
8920,"Molders, shapers, and casters, except metal and plastic",2.25,25.1,2020
8930,"Paper goods machine setters, operators, and tenders",2.0,25.1,2020
8940,Tire builders,2.0,25.1,2020
8950,Helpers--production workers,2.0,25.1,2020
8865,Other production equipment operators and tenders,2.023474125495853,25.1,2020
8990,Other production workers,2.1469619963175712,25.1,2020
9005,Supervisors of transportation and material moving workers,2.0,25.1,2020
9030,Aircraft pilots and flight engineers,3.692384188282092,25.1,2020
9040,Air traffic controllers and airfield operations specialists,3.0,25.1,2020
9050,Flight attendants,3.0,25.1,2020
9110,"Ambulance drivers and attendants, except emergency medical technicians",2.0,25.1,2020
9121,"Bus drivers, school",2.0,25.1,2020
9122,"Bus drivers, transit and intercity",2.0,25.1,2020
9130,Driver/sales workers and truck drivers,2.0,25.1,2020
9141,Shuttle drivers and chauffeurs,2.0,25.1,2020
9142,Taxi drivers,2.0,25.1,2020
9150,"Motor vehicle operators, all other",2.0,25.1,2020
9210,Locomotive engineers and operators,2.0,25.1,2020
9240,Railroad conductors and yardmasters,2.0,25.1,2020
9265,Other rail transportation workers,2.0,25.1,2020
9300,Sailors and marine oilers,2.0,25.1,2020
9310,Ship and boat captains and operators,2.920587253920587,25.1,2020
9330,Ship engineers ,3.0,25.1,2020
9350,Parking attendants,2.0,25.1,2020
9365,Transportation service attendants,2.0,25.1,2020
9410,Transportation inspectors,3.0,25.1,2020
9415,Passenger attendants,2.0,25.1,2020
9430,Other transportation workers,2.1169804976462676,25.1,2020
9510,Crane and tower operators,3.0,25.1,2020
9570,"Conveyor, dredge, and hoist and winch operators",2.003036471068533,25.1,2020
9600,Industrial truck and tractor operators,2.0,25.1,2020
9610,Cleaners of vehicles and equipment,2.0,25.1,2020
9620,"Laborers and freight, stock, and material movers, hand",2.0,25.1,2020
9630,Machine feeders and offbearers,2.0,25.1,2020
9640,"Packers and packagers, hand",2.0,25.1,2020
9645,Stockers and order fillers,2.0,25.1,2020
9650,Pumping station operators,2.0,25.1,2020
9720,Refuse and recyclable material collectors,2.0,25.1,2020
9760,Other material moving workers,2.0,25.1,2020
9800,Military officer special and tactical operations leaders,,25.1,2020
9810,First-line enlisted military supervisors,,25.1,2020
9825,Military enlisted tactical operations and air/weapons specialists and crew members,,25.1,2020
9830,"Military, rank not Specified",,25.1,2020
9920,"Unemployed, with no work experience in the last 5 years or earlier or never worked",,25.1,2020
