,1979-1988 Mean,1979-1988 Change,1988-2000 Mean,1988-2000 Change,2000-2015 Mean,2000-2015 Change,2015-2017 Mean,2015-2017 Change,1979-2017 Mean,1979-2017 Change
Male: 16-24: LTHS: EPOP,46.4735773008,-4.86918202207,44.5798770861,-2.59634198892,31.0951645066,-22.6060413189,24.6117329602,3.65950151143,38.4625316371,-26.4120638185
Male: 16-24: LTHS: median nominal wage,188.859,48.59,244.937692308,93.85,361.560625,97.56,312.35,-302.95,279.071025641,-62.95
Male: 16-24: LTHS: median real wage,446.299974894,-88.1209955036,401.122545141,14.9129921536,427.151910227,-16.9157528886,319.126160713,-315.325714094,415.727082709,-405.449470333
Male: 16-24: HS: EPOP,80.2673725095,-1.88897018173,75.02098931,-9.82054468656,62.3643910899,-13.7771406145,60.2911175088,1.97595553384,70.2820065817,-23.510699949
Male: 16-24: HS: median nominal wage,229.516,56.0,300.907692308,115.22,423.496875,108.78,516.873333333,100.62,344.264358974,380.62
Male: 16-24: HS: median real wage,542.894900771,-119.562616087,492.90774889,18.3579262778,501.668714147,-32.0687911935,524.775782866,85.769143087,510.447289523,-47.504337916
Male: 16-24: Some college: EPOP,63.7877269118,0.596788143322,67.2483805568,3.7812913151,61.8903650989,-11.3432815635,59.2457182621,2.44832938647,63.7571244475,-4.51687271858
Male: 16-24: Some college: median nominal wage,236.5,68.0,319.267692308,132.0,446.77375,112.4,344.336666667,-511.79,346.576153846,-199.39
Male: 16-24: Some college: median real wage,558.237712549,-95.7237853765,522.653362016,35.3702013063,528.793360684,-39.5174640911,352.754005208,-527.643289755,519.676974926,-627.514337916
Male: 16-24: College: EPOP,82.2752913482,2.33645648849,81.5456782743,0.372493289288,78.5081858098,-8.49188466044,77.5440534664,0.952576264186,80.1075578385,-4.83035861847
Male: 16-24: College: median nominal wage,320.339,125.0,469.292307692,210.46,676.018125,183.77,952.903333333,519.23,544.858974359,1038.46
Male: 16-24: College: median real wage,750.979104491,-40.1919626849,767.404544726,86.0542041562,798.987301575,-37.9882374847,965.662480202,495.430573618,789.687790826,503.304577605
Male: 16-24: Advanced: EPOP,58.0752050954,8.88189040118,74.6816254434,18.2521400748,72.8166385741,-12.5745461886,72.5674672194,-2.98372554052,69.6746340335,11.5757587469
Male: 16-24: Advanced: median nominal wage,342.26,170.0,505.867692308,176.69,800.5275,412.59,977.603333333,29.83,609.593846154,789.11
Male: 16-24: Advanced: median real wage,800.068246297,72.2847017541,823.738557558,23.9415997308,945.95699147,201.318326009,993.37534009,-0.777616097772,876.708640986,296.767011397
Male: 16-24: LTHS or HS: EPOP,60.7817537882,-4.43829465347,57.5113427885,-4.67202213974,45.3464124017,-16.1011637298,42.3870979207,2.47372270893,52.5138902042,-22.7377578141
Male: 16-24: LTHS or HS: median nominal wage,215.5,51.0,281.473846154,109.16,404.06,130.84,453.333333333,-80.0,322.306666667,211.0
Male: 16-24: LTHS or HS: median real wage,509.605867734,-116.800885116,460.995211364,18.8304768175,477.891139523,-0.756234118951,461.175534623,-94.850856913,478.244787158,-193.577499331
Male: 16-24: College or Advanced: EPOP,79.2501453134,3.34764298622,80.7329466486,2.77513933796,78.2076260234,-8.75649670402,77.2804443673,0.721799748049,78.9960577598,-1.91191463179
Male: 16-24: College or Advanced: median nominal wage,321.741,125.0,469.123846154,205.35,679.4675,188.88,1487.10333333,2115.38,587.800769231,2634.61
Male: 16-24: College or Advanced: median real wage,754.392714943,-40.1919626849,767.057792089,78.8009327759,802.744912923,-30.7349661043,1499.90134032,2091.58057362,833.270353737,2099.4545776
Male: 25-34: LTHS: EPOP,77.3260054268,-5.25142856039,77.9094178327,4.64989900003,77.0005038661,-8.84624361746,74.5554953822,0.0819573345904,77.0855873296,-9.36581584322
Male: 25-34: LTHS: median nominal wage,263.5,75.0,315.788461538,60.0,424.3575,120.76,589.066666667,319.24,362.984871795,575.0
Male: 25-34: LTHS: median real wage,622.223648821,-110.669112387,519.686668249,-84.9770893069,502.084154016,-15.3593076914,596.955505777,304.36562923,543.58403436,93.3601198445
Male: 25-34: HS: EPOP,88.0489227321,-2.69112527807,87.9644987649,-0.924553619777,81.8092746495,-9.3087836089,79.6121092235,0.202569200693,84.958719166,-12.7218933061
Male: 25-34: HS: median nominal wage,339.962,115.62,433.319230769,104.38,576.049375,130.0,836.666666667,620.0,493.177948718,970.0
Male: 25-34: HS: median real wage,801.265031444,-93.4475559343,711.782317911,-76.2130748408,682.638573821,-60.2216926089,846.95955586,600.508250302,732.917553509,370.625926918
Male: 25-34: Some college: EPOP,89.3563159947,-1.15754353083,90.2955618421,0.743438151453,85.5347982032,-7.34205854322,84.6494463826,1.05889108089,87.7934588701,-6.6972728417
Male: 25-34: Some college: median nominal wage,378.9,140.0,502.640769231,160.0,669.25,100.95,505.753333333,-614.64,533.529230769,-213.69
Male: 25-34: Some college: median real wage,890.774219974,-68.0960474808,825.198603753,-22.4343286246,793.767403334,-129.019238783,517.38041905,-636.326891986,806.137442997,-855.876506874
Male: 25-34: College: EPOP,94.2947158666,0.26175798398,93.5848271404,-1.23540426543,90.7436288227,-3.32090252824,90.0609234217,-0.324756946506,92.3680109864,-4.61930575619
Male: 25-34: College: median nominal wage,445.229,225.0,659.355384615,276.0,941.396875,231.0,1680.53666667,1827.61,787.047948718,2559.61
Male: 25-34: College: median real wage,1040.67921887,71.911025128,1079.48414149,79.83353245,1114.69565583,-82.7437821976,1698.06491487,1794.90717551,1128.58073745,1863.90795089
Male: 25-34: Advanced: EPOP,90.6022753494,-0.444132667125,92.6324554779,1.62688881581,91.8407894012,-3.99975820184,91.1907945083,1.20226636832,91.7020546916,-1.61473568484
Male: 25-34: Advanced: median nominal wage,497.9,266.0,791.169230769,380.0,1136.421875,250.0,843.5,-1219.5,848.908974359,-323.5
Male: 25-34: Advanced: median real wage,1161.61701427,119.892841943,1292.82801635,187.75396456,1344.53363001,-130.75277807,863.922399193,-1258.17410654,1245.83245441,-1081.28007811
Male: 25-34: LTHS or HS: EPOP,85.0766964124,-3.06196960702,85.3599991652,0.678324429367,80.5673934573,-8.96842140225,78.590223343,0.329353088127,82.8904480756,-11.0227134918
Male: 25-34: LTHS or HS: median nominal wage,318.698,96.02,405.320769231,114.5,534.064375,125.5,403.963333333,-588.11,430.21974359,-252.09
Male: 25-34: LTHS or HS: median real wage,751.540702906,-113.896392294,665.683366337,-41.6468645722,632.152589412,-54.9544856083,413.766084946,-606.673571141,654.302151991,-817.171313615
Male: 25-34: College or Advanced: EPOP,93.148013197,0.1358709505,93.3115800905,-0.41841949058,91.0271984715,-3.49416937453,90.3836329879,0.117515743298,92.1423199154,-3.65920217132
Male: 25-34: College or Advanced: median nominal wage,458.614,239.0,690.151538462,290.38,991.113125,287.62,771.946666667,-1144.0,747.137948718,-327.0
Male: 25-34: College or Advanced: median real wage,1071.58192616,87.02841719,1129.61789638,86.0663325188,1172.49921166,-39.6706415311,790.789348535,-1179.67299588,1101.8952156,-1046.2488877
Male: 35-44: LTHS: EPOP,79.7207032549,-6.89357568018,75.7914705249,-1.79369703952,76.4031633379,0.328055027257,78.3680111503,0.50846685441,77.0546031194,-7.85075083803
Male: 35-44: LTHS: median nominal wage,300.747,85.75,364.44,91.06,480.003125,93.19,588.023333333,164.07,407.865384615,434.07
Male: 35-44: LTHS: median real wage,709.109329448,-118.164804801,599.323736566,-61.1650289715,568.291144825,-69.7371602998,596.760044369,147.981571678,614.26501758,-101.085422395
Male: 35-44: HS: EPOP,90.1717097082,-4.36819386486,87.7605076221,-2.00756084621,83.4057482728,-6.36645455001,82.2841856113,1.3215789102,86.2707850391,-11.4206303509
Male: 35-44: HS: median nominal wage,403.925,140.0,525.817692308,142.15,697.085625,167.08,523.41,-768.23,558.130769231,-319.0
Male: 35-44: HS: median real wage,950.404512738,-91.1770967545,863.051167184,-59.1139453405,825.028294458,-61.6784721889,536.163001548,-792.029426382,845.412637125,-1003.99894067
Male: 35-44: Some college: EPOP,92.1257615709,-2.7742597921,90.9369973597,-0.20329797212,87.9871110858,-5.27449828501,87.1346345095,0.491986138425,89.7942931249,-7.7600699108
Male: 35-44: Some college: median nominal wage,459.336,170.0,629.913846154,225.76,847.231875,183.4,652.81,-849.89,669.268205128,-270.73
Male: 35-44: Some college: median real wage,1078.84727679,-66.2015938883,1032.19564372,25.5357960053,1002.76102377,-100.644247201,668.116098485,-878.637546269,1005.28373013,-1019.94759135
Male: 35-44: College: EPOP,96.0287455997,-0.81710292724,95.1389681796,-0.576622666396,93.1462924858,-2.20616111778,93.1020067116,0.067773439179,94.4208985109,-3.53211327224
Male: 35-44: College: median nominal wage,559.8,261.0,847.758461538,382.69,1276.41125,384.31,1942.20333333,1442.61,1017.77846154,2470.61
Male: 35-44: College: median real wage,1310.68706496,40.7168479921,1384.23134073,160.37939411,1507.82021372,-14.6991722783,1966.11205285,1397.99555069,1456.31988099,1584.39262051
Male: 35-44: Advanced: EPOP,96.8080537062,0.0988020512665,96.0835744249,-1.2431923789,94.8234155072,-0.632980582039,94.9900535522,-0.373079461862,95.6795301219,-2.15045037154
Male: 35-44: Advanced: median nominal wage,612.938,324.38,1008.46076923,475.62,1544.068125,480.0,2134.20333333,1154.61,1194.68435897,2434.61
Male: 35-44: Advanced: median real wage,1430.72076602,125.079716837,1644.64670089,235.92412862,1822.25049872,9.24135768932,2162.81737362,1101.08503654,1698.35658528,1471.33023969
Male: 35-44: LTHS or HS: EPOP,86.6152689113,-4.26390105548,84.7424978842,-1.32019861886,81.6815217389,-4.90573693044,81.3016578332,1.16029376419,83.7351142256,-9.3295428406
Male: 35-44: LTHS or HS: median nominal wage,373.7,125.0,485.293076923,135.32,641.905,139.68,673.333333333,-100.0,529.512051282,300.0
Male: 35-44: LTHS or HS: median real wage,879.535916131,-97.8945858692,796.426028284,-48.9586490177,760.317373287,-73.6757723223,684.890373367,-121.657499665,795.060613565,-342.186506874
Male: 35-44: College or Advanced: EPOP,96.3505001249,-0.462671446752,95.4781343727,-0.865687940702,93.7253804205,-1.61769229563,93.8093583811,-0.0782437246295,94.8753879489,-3.02429540771
Male: 35-44: College or Advanced: median nominal wage,582.395,270.0,902.547692308,453.0,1370.868125,385.0,1751.0,577.0,1060.33230769,1685.0
Male: 35-44: College or Advanced: median real wage,1363.09980506,40.1311316062,1472.62342096,246.000739835,1618.36882161,-51.0145772683,1776.50125907,529.415379308,1522.71090178,764.532673481
Male: 45-54: LTHS: EPOP,77.1038760614,-6.39636180575,70.3731411876,-5.90451379883,66.6623953536,-2.14562773415,68.812584951,2.40733225713,70.4117605898,-12.0391710816
Male: 45-54: LTHS: median nominal wage,329.434,106.0,393.230769231,45.07,496.9575,136.93,417.023333333,-448.93,416.606666667,-160.93
Male: 45-54: LTHS: median real wage,776.11511324,-103.325932178,649.763158931,-150.406235314,586.665764786,-23.190932342,426.293064657,-466.255999732,639.611218714,-743.179099566
Male: 45-54: HS: EPOP,88.5036591791,-2.26100801897,85.1528960241,-5.22969518934,79.427190479,-5.90050936846,78.3554212654,1.32533999631,83.2874083376,-12.0658725805
Male: 45-54: HS: median nominal wage,425.029,170.0,571.073076923,140.0,744.46,186.49,1006.83,517.51,631.784615385,1014.0
Male: 45-54: HS: median real wage,997.332684686,-43.1205446145,937.707860783,-84.8514067936,880.562827905,-56.372196299,1020.47477059,491.938990146,937.440506829,307.594842439
Male: 45-54: Some college: EPOP,90.2932401525,-0.77552731961,88.5443855709,-3.81244408804,84.0012810563,-4.19016191567,83.5178595415,-0.0524492553392,86.8361668856,-8.83058257866
Male: 45-54: Some college: median nominal wage,490.888,220.0,678.754615385,169.23,893.069375,230.77,1628.20333333,1884.61,783.004615385,2504.61
Male: 45-54: Some college: median real wage,1149.57505218,-1.49470650417,1115.52895766,-100.075793084,1055.8467578,-60.9264572165,1644.54125269,1853.67071476,1141.28339207,1691.17375796
Male: 45-54: College: EPOP,94.427059205,-2.16254056711,92.8134119681,-0.319457963465,90.8367755883,-1.90124053243,91.0474344756,0.15247360046,92.30953727,-4.23076546254
Male: 45-54: College: median nominal wage,625.755,287.0,908.226923077,288.69,1333.995,480.31,1069.97,-1443.01,1006.50358974,-387.01
Male: 45-54: College: median real wage,1463.52038914,13.8920803347,1490.3622504,-26.3581131244,1571.21511595,84.2709991043,1095.33220613,-1490.59462069,1482.5841447,-1418.78965438
Male: 45-54: Advanced: EPOP,96.2296509468,-0.564825975015,95.1740944603,-1.97740252792,93.1291631185,-1.76327208862,93.0314420667,0.304032396913,94.4877913492,-4.00146819464
Male: 45-54: Advanced: median nominal wage,668.562,340.33,1060.87538462,409.67,1610.765,673.0,2083.28,480.84,1243.22435897,1903.84
Male: 45-54: Advanced: median real wage,1557.80752794,99.0628728053,1735.28958733,104.909888173,1892.37880092,208.21263974,2114.69781892,421.343754492,1777.76514403,833.52915521
Male: 45-54: LTHS or HS: EPOP,83.5328990107,-2.72990941116,80.5579364081,-3.75123172807,76.4348634103,-4.69594655109,76.1830052949,1.66012659679,79.3631966877,-9.51696109353
Male: 45-54: LTHS or HS: median nominal wage,388.014,150.0,519.936923077,135.0,685.760625,184.0,916.333333333,431.0,578.371538462,900.0
Male: 45-54: LTHS or HS: median real wage,910.429753076,-48.2303552218,854.09920642,-63.5914241527,810.303669935,-37.5724171534,928.963466384,407.207689654,857.492901098,257.813493126
Male: 45-54: College or Advanced: EPOP,95.1712763974,-1.35491016174,93.8454591869,-1.12931334831,91.6954084517,-1.89663509033,91.7928654954,0.231479573931,93.1858730534,-4.14937902645
Male: 45-54: College or Advanced: median nominal wage,646.8,310.0,974.988461538,353.0,1426.72625,481.61,1121.67666667,-1634.19,1070.45871795,-489.58
Male: 45-54: College or Advanced: median real wage,1509.63050028,50.3507528208,1597.91729481,47.3438172455,1680.24296919,48.5844670783,1148.95750101,-1684.76366504,1571.51157953,-1538.48462789
Male: 55-64: LTHS: EPOP,56.5963336564,-7.65885434847,51.0068288381,-2.19320235981,48.3769713551,-2.82229479114,50.2840844785,1.98774697978,51.2387803926,-10.6866045196
Male: 55-64: LTHS: median nominal wage,328.379,150.0,408.603076923,20.0,513.1175,180.0,673.656666667,200.0,446.32,550.0
Male: 55-64: LTHS: median real wage,770.62039873,9.47226796249,674.432687022,-198.468398819,606.584612787,22.4042796032,683.585758844,181.436428859,672.322806325,14.844577605
Male: 55-64: HS: EPOP,68.0203734607,-10.3857125453,63.8371147941,-2.39754973022,61.2354917244,-0.176628555061,62.8657331887,2.01995180469,63.828921622,-10.9399390259
Male: 55-64: HS: median nominal wage,412.8,160.0,549.266923077,139.51,740.806875,220.49,806.666666667,-140.0,605.176153846,380.0
Male: 55-64: HS: median real wage,968.791290892,-51.4457122366,901.280423248,-74.2040791415,874.655316824,-13.3601496897,820.631511895,-165.988999598,901.590939454,-304.998940666
Male: 55-64: Some college: EPOP,71.0043023741,-6.67187498063,68.0080199506,-1.61034839272,66.7744360783,-0.651825272118,67.0857960857,-0.550708509733,68.1808665656,-9.4847571552
Male: 55-64: Some college: median nominal wage,475.86,217.0,655.847692308,183.0,895.135,269.23,1413.52,1162.1,756.695128205,1831.33
Male: 55-64: Some college: median real wage,1113.85450525,27.1671597287,1075.9655721,-61.8145876209,1057.4756532,-13.8059157703,1430.29723314,1130.56575231,1104.99693534,1082.11240865
Male: 55-64: College: EPOP,78.8568043702,-8.38439613743,73.9265949202,0.188619873167,74.8899183869,1.972414545,77.2509140995,2.4094375208,75.7714632042,-3.81392419846
Male: 55-64: College: median nominal wage,625.919,350.0,934.339230769,324.79,1269.543125,355.21,1056.15333333,-1330.0,986.716923077,-300.0
Male: 55-64: College: median real wage,1460.44773523,175.975620404,1531.24319872,7.30178483051,1499.35853416,-70.767023397,1080.6856652,-1375.79014215,1462.32896896,-1263.27976031
Male: 55-64: Advanced: EPOP,83.9576800923,-3.01585003384,79.3628673769,-5.48665785064,79.6743766542,3.34288965983,80.9585676706,0.380028412759,80.6892021699,-4.77958981189
Male: 55-64: Advanced: median nominal wage,660.182,372.09,1077.03769231,473.6,1559.37625,615.31,1382.46666667,-1621.67,1170.1525641,-160.67
Male: 55-64: Advanced: median real wage,1535.83145428,206.01030504,1758.46421165,199.192817116,1837.29730999,126.325902766,1413.88490732,-1681.16624551,1701.56709903,-1149.63722059
Male: 55-64: LTHS or HS: EPOP,61.9409616903,-8.16337297403,58.627503889,-0.56586601095,57.7632413602,0.184235128363,60.0809269497,2.3540569257,59.1911549015,-6.19094693092
Male: 55-64: LTHS or HS: median nominal wage,370.264,154.0,501.323846154,136.0,685.699375,224.0,1466.75333333,1982.68,609.623076923,2496.68
Male: 55-64: LTHS or HS: median real wage,868.961081655,-24.1273438266,822.661808678,-56.5005738553,808.708244885,7.16154265046,1479.92958523,1957.92857181,878.125723848,1884.46219678
Male: 55-64: College or Advanced: EPOP,80.8365182332,-5.94318348464,76.3175055529,-1.97475253762,76.9309285824,2.23194903901,78.6952709367,1.57852902117,77.8349065716,-4.10745796209
Male: 55-64: College or Advanced: median nominal wage,640.025,350.0,993.121538462,376.0,1389.049375,439.38,1171.15666667,-1448.05,1063.01820513,-282.67
Male: 55-64: College or Advanced: median real wage,1491.08775418,175.975620404,1624.99846119,79.9906355916,1639.28866095,-3.8873137229,1198.24375906,-1498.02870258,1562.44480231,-1245.94976031
Male: 65+: LTHS: EPOP,12.1564361891,-4.4496487034,10.1766459625,-0.44231477379,11.5733998464,1.16546447568,12.0697315056,0.440164846745,11.3443104918,-3.28633415476
Male: 65+: LTHS: median nominal wage,217.864,75.0,277.106923077,60.0,441.464375,170.0,801.0,943.0,364.293846154,1248.0
Male: 65+: LTHS: median real wage,513.082847558,-52.9664892031,455.02612809,-56.619972243,518.898510988,54.8285226826,808.962697776,928.149143087,521.638895186,873.391204323
Male: 65+: HS: EPOP,18.7943050243,-6.38726378137,15.4272484036,-1.06004656677,17.2359088944,2.10831701261,17.7871460362,0.111554324558,17.1209872002,-5.22743901096
Male: 65+: HS: median nominal wage,329.081,120.2,401.611538462,130.0,616.438125,269.0,1443.17,1991.51,540.135384615,2510.71
Male: 65+: HS: median real wage,769.6656503,-49.4966844764,661.477965353,-25.3171712735,723.956308905,83.0788680389,1455.92062954,1967.71768965,769.471705575,1975.98270194
Male: 65+: Some college: EPOP,22.2649752365,-4.66572539506,18.9785004879,-1.63368949265,20.6360597262,3.11792879578,22.8014414536,0.917560809501,20.6600464515,-2.26392528242
Male: 65+: Some college: median nominal wage,370.082,200.0,486.033076923,35.61,724.73125,423.19,1569.46,1975.81,627.664615385,2634.61
Male: 65+: Some college: median real wage,860.584579606,108.800729257,803.299823739,-204.668262215,850.594297331,247.629732984,1584.34507428,1947.69237758,894.644251827,2099.4545776
Male: 65+: College: EPOP,25.2979423856,0.368052014301,23.5109537143,-2.59682992136,25.4299316617,6.21690009254,28.8164644216,-0.204421398709,25.0185801804,3.78370078677
Male: 65+: College: median nominal wage,447.995,200.0,770.023076923,461.0,1060.080625,532.61,1900.68333333,1391.0,876.896923077,2584.61
Male: 65+: College: median real wage,1044.66997952,51.0981060729,1252.45696384,370.784623168,1246.88719894,175.751989706,1924.06291839,1344.78877418,1244.97049201,1942.42349313
Male: 65+: Advanced: EPOP,36.4544152878,-7.2889262002,30.6483848917,-5.56710990865,31.7573220459,6.30467662429,33.8496525927,-1.07056742403,32.7344943828,-7.6219269086
Male: 65+: Advanced: median nominal wage,562.743,393.97,1023.28076923,340.36,1543.365,505.0,1166.25333333,-1565.12,1115.29538462,-325.79
Male: 65+: Advanced: median real wage,1304.24572739,298.512128884,1667.97938334,21.7571826635,1819.36225372,72.3718073765,1193.88165612,-1616.44332392,1601.3754131,-1223.802205
Male: 65+: LTHS or HS: EPOP,14.2130746302,-4.13953747869,12.5675501877,0.0862954016247,15.0725994499,2.73909208778,16.1170392867,0.292016895371,14.1791385715,-1.02213309392
Male: 65+: LTHS or HS: median nominal wage,258.901,100.0,331.502307692,100.0,553.67625,280.0,478.543333333,-645.42,405.461282051,-165.42
Male: 65+: LTHS or HS: median real wage,606.34549271,-32.1535701479,544.723707189,-28.2000139223,648.858020941,133.267960114,489.900437531,-666.45871396,593.115705965,-593.544337916
Male: 65+: College or Advanced: EPOP,29.5833713487,-2.4341916066,26.475392465,-3.60568360588,28.3082337769,6.38784333141,31.0684613717,-0.688076973284,28.24506416,-0.340108854357
Male: 65+: College or Advanced: median nominal wage,503.86,279.53,893.823076923,351.67,1313.414375,536.33,1857.24,995.72,1027.05076923,2163.25
Male: 65+: College or Advanced: median real wage,1170.88460899,127.763879492,1454.9931849,130.527330681,1547.8007354,163.78729318,1882.13877664,948.135379308,1454.77778577,1370.21388266
Male: 16+: LTHS: EPOP,50.3846849954,-6.2179020601,47.8120457716,-0.749061509512,44.4282067188,-7.36803684272,42.5612109885,1.20207850554,46.7404905241,-13.1329219068
Male: 16+: LTHS: median nominal wage,276.5,70.0,326.104615385,70.0,445.253125,130.0,480.0,-80.0,369.19,190.0
Male: 16+: LTHS: median real wage,652.726673297,-126.372220835,536.546929629,-70.7828204608,525.822247517,-9.71830468961,488.289456163,-95.4696426177,557.532635621,-302.342988603
Male: 16+: HS: EPOP,77.6429912615,-5.82018225081,73.5764788931,-4.81165715325,66.3261753281,-9.43028561672,63.387009044,1.07423757003,71.0772874,-18.9878874507
Male: 16+: HS: median nominal wage,350.0,120.0,459.884615385,140.0,634.635625,172.5,1439.03666667,2172.11,571.725128205,2604.61
Male: 16+: HS: median real wage,823.214959589,-84.7463827249,753.983131039,-28.1371726657,750.251921825,-31.9462769615,1450.72262039,2150.06575927,822.935037461,2005.23592692
Male: 16+: Some college: EPOP,76.8365401281,-0.953291041117,77.0630853856,-0.835873900929,71.2810064338,-9.54184034026,67.769225346,0.330923086077,74.1411126083,-11.0000821962
Male: 16+: Some college: median nominal wage,391.74,157.4,542.569230769,192.6,755.156875,180.0,559.65,-829.45,584.483589744,-299.45
Male: 16+: Some college: median real wage,918.556460649,-33.5297429502,889.117137023,13.9707110756,893.725160145,-66.9478682539,573.321329831,-855.129606745,873.76128446,-941.636506874
Male: 16+: College: EPOP,86.5903109106,-1.51034465063,84.2456338024,-2.33690936841,80.0018782515,-6.01916755978,77.2262195511,-0.982142329473,82.6975158827,-10.8485639083
Male: 16+: College: median nominal wage,498.322,240.0,762.792307692,361.0,1122.863125,325.82,1358.37333333,155.48,874.17,1082.3
Male: 16+: College: median real wage,1164.49076692,61.3177272874,1246.09830745,172.127700578,1326.00614771,-37.4359450878,1379.75384382,115.666708973,1264.53593585,311.676191751
Male: 16+: Advanced: EPOP,87.1881814306,-1.60009429636,84.0303674027,-5.59370767315,78.5981883287,-5.52865923993,75.8983390052,-0.390362376553,82.1735368014,-13.112823586
Male: 16+: Advanced: median nominal wage,582.722,350.0,975.495384615,461.0,1463.756875,423.61,1121.81,-1633.79,1069.19461538,-399.18
Male: 16+: Advanced: median real wage,1355.38154641,233.678243588,1592.20054554,228.999037848,1727.63009407,-33.7422922293,1149.09083434,-1684.36366504,1549.94205186,-1255.42867583
Male: 16+: LTHS or HS: EPOP,64.5398697815,-3.90709734576,63.3253222687,-1.1547328031,58.8957745731,-7.33101226765,57.192728511,1.3686436432,61.4675494763,-11.0241987733
Male: 16+: LTHS or HS: median nominal wage,323.1,117.0,423.922307692,117.95,577.46625,161.89,666.97,19.23,473.399230769,416.07
Male: 16+: LTHS or HS: median real wage,760.037292487,-64.1628837378,696.104753112,-44.6898345982,682.275648861,-24.2177136277,677.773845648,-0.999342258377,704.721367831,-134.069774222
Male: 16+: College or Advanced: EPOP,86.8059741586,-1.53721363793,84.1735883546,-3.48829936193,79.5065469843,-5.86166593549,76.7477599677,-0.775194809154,82.5140511037,-11.6623737445
Male: 16+: College or Advanced: median nominal wage,522.7,265.0,828.883846154,369.23,1234.673125,384.61,948.716666667,-1403.83,911.034358974,-384.99
Male: 16+: College or Advanced: median real wage,1220.17823838,82.1306463426,1354.41583055,155.452466775,1457.00602005,0.551342579391,971.884206115,-1447.26380618,1329.53002188,-1209.12935049
Male: 25-54: LTHS: EPOP,78.0088102724,-6.00216694222,74.932366707,-0.66526809609,73.4927011587,-3.94667806992,73.8290037662,1.03881946099,74.9634035619,-9.57529364724
Male: 25-54: LTHS: median nominal wage,294.7,75.0,347.33,75.0,457.5175,110.0,619.67,304.63,395.040512821,564.63
Male: 25-54: LTHS: median real wage,696.070784261,-139.52042398,571.603489817,-77.8642445697,540.89598921,-41.9917183757,628.149224087,288.85096453,594.64492108,29.474577605
Male: 25-54: HS: EPOP,88.8182513179,-3.04845839591,87.1768053745,-2.60778964748,81.5326860167,-7.53726949684,79.9683733813,0.934974245245,84.8674944263,-12.258543295
Male: 25-54: HS: median nominal wage,375.7,126.0,492.070769231,150.92,667.098125,158.23,493.5,-732.3,527.433846154,-297.15
Male: 25-54: HS: median real wage,884.493915432,-95.9080166433,807.139457062,-27.382731959,789.285933823,-61.0007427309,505.555103872,-755.045015541,796.408284227,-939.336506874
Male: 25-54: Some college: EPOP,90.3702150405,-1.38589404482,90.0471251175,-0.987604786541,85.8085147179,-5.70759049565,85.0678260424,0.540267413061,88.1097010179,-7.54082191396
Male: 25-54: Some college: median nominal wage,424.2,175.0,584.519230769,192.3,792.106875,172.7,934.646666667,208.56,647.720512821,748.56
Male: 25-54: Some college: median real wage,994.315013125,-27.4174361666,958.23883383,-10.6153807283,938.37152243,-90.9067504899,948.781256341,181.797518271,958.790430053,52.8579508865
Male: 25-54: College: EPOP,94.8782963003,-0.425009128235,93.9735216806,-0.93690359256,91.5760966987,-2.60075270988,91.3135074582,-0.0465734213773,93.0520060103,-4.00923885205
Male: 25-54: College: median nominal wage,508.96,243.0,775.089230769,341.53,1143.881875,338.47,882.88,-1297.51,852.178974359,-374.51
Male: 25-54: College: median real wage,1189.96143154,47.6585430824,1266.98159908,133.148612309,1351.34738801,-24.6004615572,904.397340801,-1337.73107081,1250.47204643,-1181.52437697
Male: 25-54: Advanced: EPOP,94.4062520677,0.25013016562,94.859864068,-0.628212399156,93.4179640212,-2.00819390413,93.2080089941,0.288598140801,94.059861738,-2.09767799687
Male: 25-54: Advanced: median nominal wage,578.6,350.0,965.919230769,442.3,1448.245625,411.24,1624.05,30.46,1098.49205128,1234.0
Male: 25-54: Advanced: median real wage,1346.34283869,233.678243588,1576.92439032,202.455755106,1709.94151513,-39.2302930793,1650.43569849,-19.1523814465,1575.34243136,377.751324168
Male: 25-54: LTHS or HS: EPOP,85.1185289969,-3.1172326872,83.8723368054,-1.41919725962,79.5453653738,-6.57810025419,78.5791120141,1.06085554334,82.0890621,-10.0536746577
Male: 25-54: LTHS or HS: median nominal wage,353.6,110.0,453.246923077,125.0,612.056875,155.0,595.863333333,-264.71,497.531025641,125.29
Male: 25-54: LTHS or HS: median real wage,832.318494439,-116.152599621,743.360650589,-49.4285759349,724.195016145,-44.1604004625,607.047223833,-285.74871396,747.545379824,-495.490289978
Male: 25-54: College or Advanced: EPOP,94.7042289355,-0.175281977162,94.2756565157,-0.854888073823,92.1783118117,-2.39561678447,91.9647053171,0.0892238307574,93.38223535,-3.3365630047
Male: 25-54: College or Advanced: median nominal wage,532.0,270.0,840.281538462,368.46,1243.875625,356.1,945.636666667,-1394.51,919.988717949,-399.95
Male: 25-54: College or Advanced: median real wage,1242.82156593,74.7527055168,1373.15389497,143.016661248,1468.90293112,-36.3113529787,968.708500592,-1437.65668962,1344.74519436,-1256.19867583
Female: 16-24: LTHS: EPOP,34.0827739056,0.514361575561,35.1232957745,1.11038441026,27.3369531024,-16.0532960486,23.1409728875,2.22326280158,30.9413528574,-12.2052872612
Female: 16-24: LTHS: median nominal wage,152.82,51.0,209.137692308,84.0,311.655625,90.35,366.123333333,20.67,244.756410256,246.02
Female: 16-24: LTHS: median real wage,360.501827048,-42.9415274402,342.353394604,19.4148062425,368.380923603,-7.86141141751,372.007884946,9.83042141774,358.611643089,-21.5577111975
Female: 16-24: HS: EPOP,64.8697667354,1.70180658517,62.3978589767,-3.93902707128,53.8961675759,-11.7378440698,52.4675351721,2.81495159843,58.9233992259,-11.1601129575
Female: 16-24: HS: median nominal wage,187.4,74.0,259.199230769,100.0,368.13625,80.0,381.666666667,-75.0,290.737692308,179.0
Female: 16-24: HS: median real wage,440.343226612,-21.4855369821,424.67910539,17.17137338,436.028548121,-41.8408889824,388.322330894,-87.3757140942,429.796073126,-133.530766679
Female: 16-24: Some college: EPOP,62.7371387775,5.02628947026,66.6198385194,2.01561861721,62.0782539244,-8.5350169212,59.9647535072,0.433574298091,63.3918213883,-1.05953453564
Female: 16-24: Some college: median nominal wage,202.584,85.0,285.589230769,110.0,397.950625,90.0,506.666666667,160.0,322.966923077,445.0
Female: 16-24: Some college: median real wage,475.479025889,-10.0197476704,467.751910602,20.0227954006,471.593738785,-43.1861241114,514.096344154,146.386714496,474.260631805,113.203638115
Female: 16-24: College: EPOP,83.3776865706,2.51746593501,82.7794221909,-4.70249736835,77.3398976403,-5.31264122965,76.827638698,3.69332024535,80.4341207662,-3.80435241764
Female: 16-24: College: median nominal wage,272.816,150.0,418.120769231,169.23,599.471875,153.77,490.013333333,-575.96,453.412564103,-102.96
Female: 16-24: College: median real wage,636.445238912,67.1748911468,684.597013394,41.7097922356,710.335874342,-43.1868823349,501.171423314,-596.782138963,666.845421367,-531.084337916
Female: 16-24: Advanced: EPOP,63.0276463081,9.21002085523,73.3739085297,3.01575616581,74.6259430596,-8.95156978281,70.6568841478,4.94203993019,71.2316421933,8.21624716843
Female: 16-24: Advanced: median nominal wage,294.782,102.01,465.719230769,272.65,693.718125,234.45,927.08,344.0,541.592820513,953.11
Female: 16-24: Advanced: median real wage,690.691453397,-57.011877596,758.942207991,201.545523068,821.464941254,8.74324157987,940.315466101,318.193232792,778.893087201,471.470119844
Female: 16-24: LTHS or HS: EPOP,48.5990337421,0.397829610469,47.3900127115,-1.21582999325,39.2424922638,-13.3312375996,36.9712062302,2.31707706298,43.7116728543,-11.8321609194
Female: 16-24: LTHS or HS: median nominal wage,179.871,64.71,247.163846154,105.29,355.961875,90.0,299.303333333,-320.18,274.113589744,-60.18
Female: 16-24: LTHS or HS: median real wage,422.704678865,-33.0164503085,404.788518386,33.3517479978,421.182509915,-27.6466201363,305.947490146,-332.555714094,407.358756979,-359.867036541
Female: 16-24: College or Advanced: EPOP,81.7352131234,2.90789637933,82.1531748436,-3.88476268176,77.1627425351,-5.6797761139,76.3219931259,3.68152868418,79.7498439776,-2.97511373215
Female: 16-24: College or Advanced: median nominal wage,274.862,150.0,421.033846154,175.0,607.111875,148.07,583.83,-294.65,465.109487179,178.42
Female: 16-24: College or Advanced: median real wage,641.462183182,67.1748911468,689.372524912,49.8998853598,719.251629178,-51.3048097091,594.988811898,-315.474304713,680.386269488,-249.704337916
Female: 25-34: LTHS: EPOP,40.2331447749,3.08962805092,42.0971405779,3.16879581624,41.2489325973,-11.2280360399,39.5926071674,5.8787036962,41.0404682396,0.909091523498
Female: 25-34: LTHS: median nominal wage,180.7,55.0,241.657692308,90.0,345.65625,110.0,532.663333333,397.99,286.847179487,652.99
Female: 25-34: LTHS: median real wage,425.551143737,-58.0762998104,395.845173435,14.3199513594,408.192564193,0.741917556002,539.198501075,385.614285906,418.688509398,342.599855011
Female: 25-34: HS: EPOP,61.5702132277,7.85434960165,67.1493696407,3.30465157819,62.2461189466,-11.2502491189,59.3513847983,1.64812414303,63.3019530886,1.55687620394
Female: 25-34: HS: median nominal wage,233.2,105.0,328.905384615,120.0,458.97625,100.0,467.98,-100.0,363.47,225.0
Female: 25-34: HS: median real wage,546.363654796,6.63058757374,538.983011279,11.5313705955,543.113609935,-52.301111228,476.172697485,-115.469642618,537.16081452,-149.608795677
Female: 25-34: Some college: EPOP,68.6220710988,9.60654422916,74.7522223358,3.26883246675,72.1336205683,-5.59799929562,72.1088823203,2.75178126156,72.0003998708,10.0291586619
Female: 25-34: Some college: median nominal wage,277.1,134.0,392.668461538,127.53,534.09125,112.47,402.29,-541.13,416.884358974,-167.13
Female: 25-34: Some college: median real wage,648.158016462,35.3897835325,644.438077948,-8.40603139239,632.345652567,-63.3489403309,411.824611141,-558.889149725,623.125592082,-595.254337916
Female: 25-34: College: EPOP,77.1147389681,10.8290756918,81.5767470794,-0.854879148899,79.4510837383,-1.74862825859,79.7539589428,1.27757134416,79.5070464213,9.50313962848
Female: 25-34: College: median nominal wage,337.0,190.0,539.075384615,243.0,772.7675,192.38,1220.21666667,1035.52,626.526410256,1660.9
Female: 25-34: College: median real wage,784.981530303,100.475561635,881.708458785,101.049526211,913.904447509,-63.1200546884,1234.52983497,1008.74576134,895.805964953,1147.1507945
Female: 25-34: Advanced: EPOP,81.2603257919,2.65594195973,84.4524947449,2.71400494973,83.0931545696,-1.49132259934,83.6076041846,2.04634890289,83.1441063996,5.924973213
Female: 25-34: Advanced: median nominal wage,398.5,221.0,642.396153846,269.23,915.204375,240.35,695.536666667,-1008.55,686.851794872,-277.97
Female: 25-34: Advanced: median real wage,926.753624196,117.051161554,1049.99869498,98.5811295051,1080.41270069,-51.0500588639,712.431272117,-1039.78568359,1005.52436577,-875.203451393
Female: 25-34: LTHS or HS: EPOP,56.1748382526,7.30740580454,60.989381565,2.98056358851,56.8232361,-10.6133523513,55.1051258367,2.87079518773,57.7188586347,2.54541222951
Female: 25-34: LTHS or HS: median nominal wage,223.499,97.0,312.544615385,105.0,436.499375,110.0,339.376666667,-427.87,338.081794872,-115.87
Female: 25-34: LTHS or HS: median real wage,523.593480275,-1.18359898761,512.386620858,-1.25289755449,515.810344414,-30.3370903943,347.255016902,-442.720856913,503.723379132,-475.494443849
Female: 25-34: College or Advanced: EPOP,78.0955516292,8.96803058947,82.1939458037,-0.0184230726717,80.4878314088,-1.36890333266,81.0003182973,1.51848403249,80.4362304131,9.09918821663
Female: 25-34: College or Advanced: median nominal wage,354.0,200.0,560.773846154,242.0,819.479375,250.3,967.943333333,57.7,634.904102564,750.0
Female: 25-34: College or Advanced: median real wage,824.785647729,108.800729257,917.130522831,88.287252501,967.8250076,-10.7893156758,983.454412112,28.5459115226,916.883666353,214.844577605
Female: 35-44: LTHS: EPOP,48.5100603512,2.95059870059,50.1547573025,2.56366982869,48.2708594186,-6.30563176401,46.5914103092,-0.723768175979,48.6889896221,-1.51513141071
Female: 35-44: LTHS: median nominal wage,188.8,66.0,257.998461538,84.0,359.943125,100.0,414.15,22.45,290.449230769,272.45
Female: 35-44: LTHS: median real wage,444.417120771,-41.994300644,423.32587918,-3.27088740871,425.013917245,-13.4523512901,420.805664227,10.0742859058,429.301142907,-48.643253437
Female: 35-44: HS: EPOP,66.5578041721,8.79326741425,72.4432993625,2.3096281028,67.8113689711,-11.6098696451,63.065384738,1.88617816536,68.5784584806,1.37920403735
Female: 35-44: HS: median nominal wage,245.9,120.0,359.922307692,126.4,515.715,170.91,410.02,-564.56,392.199487179,-147.25
Female: 35-44: HS: median real wage,574.881011525,30.6588636437,589.379178093,9.27285583149,608.948805763,10.5467208644,419.795009387,-583.040344464,579.392323462,-532.561904124
Female: 35-44: Some college: EPOP,70.9716109441,11.2229080666,77.4392445853,2.18556259596,74.8827443038,-5.01250525105,73.4945815498,-0.644970681157,74.508940471,7.75099473039
Female: 35-44: Some college: median nominal wage,295.661,168.0,449.213846154,156.0,622.803125,152.0,475.733333333,-652.8,477.139487179,-176.8
Female: 35-44: Some college: median real wage,689.248925347,98.3169273581,736.053092287,10.453643044,736.679469126,-48.4186811163,487.084111465,-673.83871396,705.63598545,-613.486824674
Female: 35-44: College: EPOP,71.9825571923,11.7153619067,78.7373776509,-0.676642707979,76.1709653207,-0.357997162665,77.0848828636,-0.0582953998075,75.8913039747,10.6224266362
Female: 35-44: College: median nominal wage,367.421,215.0,621.832307692,304.23,923.515,269.23,1121.5,211.54,708.361025641,1000.0
Female: 35-44: College: median real wage,855.294482841,138.599267646,1013.72196117,168.111052411,1090.52606712,-21.2765323063,1138.69268863,179.410789854,1013.06707233,464.844577605
Female: 35-44: Advanced: EPOP,83.2673682229,5.77688496387,85.5570371961,-2.56938422664,82.481553458,-0.314405306162,84.0005913172,0.145806346204,83.6524525845,3.03890177727
Female: 35-44: Advanced: median nominal wage,443.517,267.54,750.201538462,348.04,1116.500625,324.96,1185.84333333,-288.47,842.494615385,652.07
Female: 35-44: Advanced: median real wage,1033.10187852,174.353655283,1223.82749386,166.776202003,1316.21891973,-24.3525387994,1206.84411566,-327.144106544,1209.56051469,-10.3667880574
Female: 35-44: LTHS or HS: EPOP,61.2784382945,8.62354405325,67.2759627564,2.94282148633,63.0996632732,-10.9475972692,58.7862195707,1.30852904683,63.599604052,1.92729731718
Female: 35-44: LTHS or HS: median nominal wage,231.237,108.63,340.331538462,120.0,482.331875,155.0,369.64,-554.94,367.382307692,-171.31
Female: 35-44: LTHS or HS: median real wage,540.869662144,18.0310443069,557.342509101,11.5313705955,569.933133831,4.40054945991,378.700676942,-572.111303306,543.923076192,-538.148338943
Female: 35-44: College or Advanced: EPOP,75.3383857237,10.6952530177,80.9190056968,-1.55848650177,78.2629073566,0.280694614747,79.8267193651,0.0490364508751,78.3698946878,9.46649758158
Female: 35-44: College or Advanced: median nominal wage,395.625,225.0,664.041538462,307.69,998.83125,345.88,1344.31333333,538.61,772.865897436,1417.18
Female: 35-44: College or Advanced: median real wage,920.405029131,129.613648312,1083.77113067,153.172287487,1177.58897371,42.8037308348,1363.36282156,502.919368731,1099.88679204,828.509035365
Female: 45-54: LTHS: EPOP,45.3414543237,2.75644765771,47.1395695893,2.8087628722,46.0356764293,-4.58282249855,45.9051939018,0.898204061892,46.0339976001,1.88059209325
Female: 45-54: LTHS: median nominal wage,195.259,88.52,268.676923077,71.96,373.779375,111.94,343.173333333,-272.51,294.460512821,-0.09
Female: 45-54: LTHS: median real wage,458.135237248,2.74323832317,441.154807679,-33.1328326251,441.466279852,-5.21428626592,350.284280367,-285.579372869,437.965350443,-321.183253437
Female: 45-54: HS: EPOP,62.0726791116,8.92505252873,69.8118484219,4.86441557301,68.5979288527,-7.11189021791,64.6105668439,-0.673093678004,67.0632878094,6.00448420583
Female: 45-54: HS: median nominal wage,251.3,115.0,372.186923077,140.67,540.79875,193.94,591.536666667,-134.61,420.603589744,315.0
Female: 45-54: HS: median real wage,587.381026133,14.9557551958,609.188769209,29.5280774749,638.150927991,28.7455345602,601.937347471,-154.244379803,613.686593808,-81.0150125723
Female: 45-54: Some college: EPOP,67.5042544769,11.8898694814,76.9948833928,5.75466150954,75.3586080624,-7.38713881923,72.853841048,1.43114218523,73.7185507946,11.6885343569
Female: 45-54: Some college: median nominal wage,297.4,165.02,463.886923077,162.44,653.183125,181.54,1038.20333333,914.61,536.81,1423.61
Female: 45-54: Some college: median real wage,693.032263927,84.3185838192,759.891303401,17.3148399689,771.740370031,-22.02831492,1050.20762824,892.33371463,770.610454942,971.938823499
Female: 45-54: College: EPOP,71.200277233,13.1301266711,80.2318184623,1.3586731497,78.8041174642,-2.24354954789,78.6056454723,0.773849916009,77.2935058018,13.0191001889
Female: 45-54: College: median nominal wage,377.799,210.61,623.473846154,289.23,937.36125,330.77,778.573333333,-979.28,688.908205128,-148.67
Female: 45-54: College: median real wage,880.469745567,107.501151473,1017.57756603,138.312514023,1104.91433956,42.1674713071,796.635416987,-1013.31321376,998.007418289,-725.332076956
Female: 45-54: Advanced: EPOP,85.5021903404,4.0544259423,88.4859130408,-0.0215470374195,85.527724876,-2.86677303874,85.143982789,-0.206401576123,86.3615879655,0.959704290022
Female: 45-54: Advanced: median nominal wage,456.953,235.07,784.571538462,403.53,1160.2875,384.47,903.993333333,-1345.4,850.769487179,-322.33
Female: 45-54: Advanced: median real wage,1065.92711156,94.3046658326,1278.22801666,256.315904315,1368.1956182,22.8227455636,926.100933879,-1387.04427793,1232.94093812,-1013.60096222
Female: 45-54: LTHS or HS: EPOP,56.0145672577,8.06085032155,63.7452428187,6.180924491,63.6162937191,-6.59987263743,60.2876481147,-0.27745791562,61.5030537206,7.3644442595
Female: 45-54: LTHS or HS: median nominal wage,234.4,118.0,351.605384615,128.15,511.44375,181.85,400.263333333,-599.21,384.374615385,-171.21
Female: 45-54: LTHS or HS: median real wage,547.711262675,35.9181449014,575.389835084,17.4282762924,603.417161092,25.0302193398,410.066084946,-617.773571141,565.483367095,-539.396930608
Female: 45-54: College or Advanced: EPOP,75.3855730133,11.3456888611,83.3079430828,1.12186572325,81.1263332448,-2.57541159768,80.948950476,0.487442474356,80.3093592325,10.379585461
Female: 45-54: College or Advanced: median nominal wage,407.963,209.02,690.054615385,365.0,1025.8125,327.0,820.876666667,-1121.37,753.050512821,-220.35
Female: 45-54: College or Advanced: median real wage,950.965085717,79.4265137129,1124.73838785,234.519642245,1209.90686296,1.07537280919,840.399665131,-1158.249628,1091.30744118,-843.228099234
Female: 55-64: LTHS: EPOP,30.6925178394,-1.22965358175,30.4178096666,-0.773043103595,31.4981565782,0.557788120765,32.8244783108,4.25133271303,31.0668288139,2.80642414845
Female: 55-64: LTHS: median nominal wage,196.047,84.0,272.844615385,91.0,393.905625,115.0,627.976666667,560.0,325.509487179,850.0
Female: 55-64: LTHS: median real wage,459.629159986,-6.23605457787,447.002760204,-3.54346135943,465.206618029,-7.70045199608,635.189028742,546.386714496,471.19015988,528.906746563
Female: 55-64: HS: EPOP,42.7709710259,0.334619766705,46.8570753696,4.56017603038,51.2901103086,2.52586065289,50.9837835109,0.0738354515156,47.8735083193,7.49449190149
Female: 55-64: HS: median nominal wage,250.403,110.0,366.201538462,125.0,546.6075,195.0,807.413333333,533.84,438.143846154,963.84
Female: 55-64: HS: median real wage,586.07958555,-0.747353252086,600.170102099,7.28565819303,644.64978378,35.9259308849,817.713948342,514.657643154,630.567590198,557.12187898
Female: 55-64: Some college: EPOP,47.7879708684,0.97045167693,54.3951968088,6.91215059293,59.3294162333,2.27590477356,58.3156355666,-0.608564442599,55.0056094278,9.54994260082
Female: 55-64: Some college: median nominal wage,293.924,148.0,445.360769231,175.0,666.413125,205.17,516.966666667,-698.76,495.058205128,-170.59
Female: 55-64: Some college: median real wage,686.062178095,49.3531231308,728.827056194,44.228461947,785.86885421,3.67694748402,529.235128063,-721.660330753,724.598767376,-624.401798191
Female: 55-64: College: EPOP,49.6195798171,6.22828933954,56.6671346878,7.74963490501,63.8425374918,4.34496674609,65.6680580335,0.290175488106,58.2413230998,18.6130664787
Female: 55-64: College: median nominal wage,375.374,195.0,616.056153846,275.0,934.6025,324.25,1130.70666667,147.58,713.050769231,941.83
Female: 55-64: College: median real wage,875.444158065,64.2463092171,1004.88861101,120.949781161,1100.93676286,42.9163637034,1148.38895745,114.343472836,1019.55055203,342.455926918
Female: 55-64: Advanced: EPOP,66.9943115066,-3.1550489747,67.8774608383,6.30174127764,69.9249865886,-0.597126399209,69.7677927711,2.85727636401,68.6798553528,5.40684226774
Female: 55-64: Advanced: median nominal wage,463.673,280.0,782.386923077,353.43,1163.903125,392.72,1568.88666667,611.36,903.52025641,1637.51
Female: 55-64: Advanced: median real wage,1080.40744483,186.942594871,1275.8800755,161.382639062,1371.35032978,34.4747442218,1591.22246807,569.71108118,1286.48008927,952.511059334
Female: 55-64: LTHS or HS: EPOP,37.4650030149,0.669055636951,41.2007102007,4.18357647051,46.4965547093,3.85658650249,47.1739851891,0.802191769997,42.7409862264,9.51141037994
Female: 55-64: LTHS or HS: median nominal wage,230.418,110.0,340.171538462,120.0,521.75625,200.0,535.656666667,-208.41,394.90974359,221.59
Female: 55-64: LTHS or HS: median real wage,539.011543906,22.3336960216,556.907660181,11.5313705955,614.385352449,50.7928172955,545.552080077,-226.973571141,573.183671605,-142.315687229
Female: 55-64: College or Advanced: EPOP,54.3429923809,4.46138401814,60.6391718819,7.93036115935,66.2937515235,2.44645208763,67.2363888156,1.16299193438,61.7010649265,16.0011891995
Female: 55-64: College or Advanced: median nominal wage,408.513,200.0,677.924615385,307.69,1034.521875,365.38,839.74,-1076.92,756.127179487,-203.85
Female: 55-64: College or Advanced: median real wage,952.524572863,51.0981060729,1105.37537003,153.172287487,1218.80537349,62.9070468969,859.369012789,-1113.21394733,1092.94905365,-846.036506874
Female: 65+: LTHS: EPOP,5.38429142891,-1.10437023228,4.94509224693,-0.0934892303072,5.68679515399,1.21128918181,6.51442755259,0.562258180036,5.43876361586,0.575687899254
Female: 65+: LTHS: median nominal wage,162.31,55.24,239.197692308,79.62,362.835625,165.2,340.576666667,-288.39,273.451538462,11.67
Female: 65+: LTHS: median real wage,382.038622229,-46.0589985593,392.530590478,5.12160954804,426.76790726,65.4739063525,347.714404493,-301.850445435,399.621069592,-277.313928093
Female: 65+: HS: EPOP,9.46691089773,-1.37278140909,8.87960033566,-0.121914445458,10.8586228109,2.85740489978,11.7891984774,0.0300419947499,9.97912785926,1.39275103998
Female: 65+: HS: median nominal wage,226.963,105.0,320.809230769,90.0,489.536875,230.0,469.0,-393.0,369.993333333,32.0
Female: 65+: HS: median real wage,531.357691322,6.63058757374,526.895398341,-31.0514359429,574.577624901,93.3756238339,478.802751613,-411.563571141,540.842985723,-342.608795677
Female: 65+: Some college: EPOP,10.5093612106,0.210763261603,11.6113906624,1.66425356427,14.9365769828,4.47704589958,16.7856221487,-0.662139045493,12.9591660821,5.68992367996
Female: 65+: Some college: median nominal wage,259.398,80.0,388.993846154,161.0,585.5625,273.23,519.866666667,-638.86,438.058205128,-124.63
Female: 65+: Some college: median real wage,608.771197149,-94.9660039395,638.718579602,58.3850260391,685.312976332,102.590757591,531.836972188,-661.576551398,639.597408493,-595.566771708
Female: 65+: College: EPOP,9.66974017519,-0.044255508692,11.504166088,2.23208506119,16.3958647742,7.73054762772,20.2131811192,0.0813879716943,13.4970076462,9.99976515192
Female: 65+: College: median nominal wage,310.061,136.18,475.639230769,283.13,831.470625,438.09,775.46,-840.1,587.203589744,17.3
Female: 65+: College: median real wage,720.901356177,39.7205044449,776.05629274,211.22042155,976.163276472,211.049936297,792.70125393,-872.815200208,837.37016016,-410.824337916
Female: 65+: Advanced: EPOP,15.7538896302,0.512987518904,17.047311568,4.24762862205,22.6733660757,6.81208555608,25.4547487739,-0.314731277112,19.4550128354,11.2579704199
Female: 65+: Advanced: median nominal wage,366.763,275.04,668.543846154,270.07,1068.981875,488.0,1218.44,-227.74,782.046153846,805.37
Female: 65+: Advanced: median real wage,848.305388525,252.229567421,1089.16513768,82.7988778137,1256.58319755,192.308291692,1239.59807328,-267.589799383,1101.2869774,259.746937543
Female: 65+: LTHS or HS: EPOP,6.84840115362,-0.665675732998,6.95753313385,0.488024221083,9.09472609128,2.97906946941,10.3900508267,0.22720365241,7.97442280624,3.0286216099
Female: 65+: LTHS or HS: median nominal wage,197.903,98.03,287.616923077,85.34,462.793125,255.67,816.543333333,693.88,369.28025641,1132.92
Female: 65+: LTHS or HS: median real wage,463.035175308,21.6355116614,472.093215093,-19.5344245745,542.049417517,134.070136051,826.098519098,675.655523425,521.678518068,811.826746563
Female: 65+: College or Advanced: EPOP,11.0856280479,0.256204425645,13.1791342733,3.15887235664,18.6717609735,7.88364909043,22.3230960893,-0.106734863307,15.3718078491,11.1919910094
Female: 65+: College or Advanced: median nominal wage,326.452,190.21,544.551538462,297.93,927.576875,453.84,1730.48333333,1730.77,721.037435897,2672.75
Female: 65+: College or Advanced: median real wage,758.066607437,133.367777501,887.481786466,194.858930575,1090.27883968,195.940165646,1749.32961735,1695.07101512,995.602612631,2219.23788885
Female: 16+: LTHS: EPOP,28.3579776507,-0.501738194753,28.978864214,2.17394078232,27.8878804289,-5.63653016732,27.0366044774,1.79427958118,28.1984957419,-2.17004799856
Female: 16+: LTHS: median nominal wage,184.2,66.0,248.623076923,90.0,357.269375,100.0,285.416666667,-363.75,275.298974359,-107.75
Female: 16+: LTHS: median real wage,433.187493204,-35.0699858618,407.638788702,8.64852794665,421.692660437,-13.4523512901,292.072330894,-376.125714094,410.233216101,-415.9995233
Female: 16+: HS: EPOP,53.6501790005,2.14492625043,54.5540190451,-0.781671380881,49.7518801574,-9.12392282394,45.6829283563,0.436062374713,51.8784686931,-7.32460557968
Female: 16+: HS: median nominal wage,229.0,110.0,337.938461538,120.0,493.29125,160.0,643.153333333,233.46,391.418461538,623.46
Female: 16+: HS: median real wage,535.675093341,22.3336960216,553.286316132,11.5313705955,582.175295073,9.55524588609,652.39896536,216.134000268,567.183039065,259.554312771
Female: 16+: Some college: EPOP,60.267519966,7.56336857878,65.5050309265,2.20434415821,62.2062662328,-8.18454942287,58.4255678034,-0.191955823825,62.4447492184,1.3912074903
Female: 16+: Some college: median nominal wage,263.1,131.0,402.3,157.0,577.105,160.0,636.016666667,-40.0,450.246923077,408.0
Female: 16+: Some college: median real wage,614.412049125,38.6624955643,658.743127053,39.6630446513,681.944922324,-21.5237620642,646.641931374,-59.8011425507,655.795840695,-2.99936439937
Female: 16+: College: EPOP,66.7333255597,8.92598298886,72.0405215424,0.567654501965,69.4793930308,-4.08667969951,67.5516098312,-0.195497235497,69.4234115649,5.21146055581
Female: 16+: College: median nominal wage,339.128,197.0,560.246153846,255.3,841.794375,269.23,649.506666667,-954.54,615.407179487,-233.01
Female: 16+: College: median real wage,789.245869855,114.381546216,914.938950667,114.538480503,993.089498199,8.60981871389,665.327344768,-984.289050932,893.076923791,-746.759205499
Female: 16+: Advanced: EPOP,74.3893800398,4.61517981409,76.9206676345,0.405795083769,73.0821797333,-5.5517173125,70.6516915395,0.217962428284,74.4197642934,-0.312779986356
Female: 16+: Advanced: median nominal wage,424.1,248.0,732.348461538,352.0,1068.714375,300.0,816.823333333,-1199.53,786.241794872,-299.53
Female: 16+: Advanced: median real wage,987.156477925,146.453428916,1194.51493506,188.844260363,1261.2534576,-40.3570538704,836.730077772,-1236.65714228,1140.69880041,-941.716506874
Female: 16+: LTHS or HS: EPOP,42.7265830398,2.64182248075,45.1266932861,1.6568066575,42.6524680274,-7.01574884908,40.1609150891,0.88890706287,43.2095000987,-1.82821264796
Female: 16+: LTHS or HS: median nominal wage,217.0,100.0,318.338461538,120.4,465.284375,149.6,561.666666667,85.0,365.834615385,455.0
Female: 16+: LTHS or HS: median real wage,507.882783044,14.0085283996,521.167141947,23.441988175,549.049884511,6.44783426747,570.386012167,68.6021788252,531.976950195,112.500529667
Female: 16+: College or Advanced: EPOP,68.6225123739,8.181659722,73.4397268835,0.616283611585,70.6337325702,-4.33757776517,68.6567946873,-0.0501879823283,70.8391512538,4.41017758609
Female: 16+: College or Advanced: median nominal wage,361.5,218.0,612.080769231,288.0,915.586875,294.0,709.306666667,-1049.0,668.598974359,-249.0
Female: 16+: College or Advanced: median real wage,840.675703207,144.558975323,998.744126118,143.37232705,1079.71989807,9.39952472873,726.623670258,-1081.4862495,968.218786655,-784.155422395
Female: 25-54: LTHS: EPOP,44.6766955294,2.69357533573,46.3726804334,3.11468769086,45.2839001129,-7.04265562056,44.3297104048,1.7583541794,45.2710168832,0.523961585431
Female: 25-54: LTHS: median nominal wage,189.1,70.0,253.834615385,80.0,360.564375,106.55,445.91,104.63,291.565641026,361.18
Female: 25-54: LTHS: median real wage,444.717915062,-34.0480237404,416.475469955,-11.2171643123,425.640456666,-6.69969897185,452.633215,92.0516335875,429.423219236,40.086746563
Female: 25-54: HS: EPOP,63.3142309003,8.53154248657,69.8297899367,3.78323684483,66.533958883,-9.95935019544,62.4540360676,0.744916471572,66.431358066,3.10034560753
Female: 25-54: HS: median nominal wage,242.1,120.0,353.147692308,121.92,508.030625,154.08,1346.87,2308.61,458.541025641,2704.61
Female: 25-54: HS: median real wage,566.472939765,30.6588636437,578.265311114,2.91382338841,599.983452668,-5.06356286089,1356.30474085,2290.7889717,642.619269747,2319.29809588
Female: 25-54: Some college: EPOP,69.1668525381,10.786103681,76.3115701141,3.74047465724,74.1607782775,-6.07556443292,72.7820426564,1.26815307191,73.4296221789,9.71916697728
Female: 25-54: Some college: median nominal wage,285.7,150.0,427.995384615,150.0,598.92875,153.6,699.876666667,115.63,476.918717949,569.23
Female: 25-54: Some college: median real wage,666.521176595,67.1748911468,701.291193715,14.4142132444,708.354151458,-35.8915254773,710.69490668,95.4080831701,696.638816395,141.105662084
Female: 25-54: College: EPOP,74.5299752724,11.2451020207,80.2808035547,-0.476106504309,78.140767799,-1.35710804876,78.5571554487,0.701365062571,77.8736392113,10.1132525302
Female: 25-54: College: median nominal wage,353.609,200.0,580.074615385,261.53,859.41,257.7,667.073333333,-937.24,633.284102564,-218.01
Female: 25-54: College: median real wage,823.674438461,108.800729257,947.228887454,116.008659558,1014.61606734,-10.7475277809,683.093918752,-967.227283429,921.30052587,-753.165422395
Female: 25-54: Advanced: EPOP,82.8774098524,4.60852685555,86.1366370371,0.525992542597,83.7521506366,-1.76798649944,84.2249409357,0.65150329768,84.2799044471,4.01803619639
Female: 25-54: Advanced: median nominal wage,423.072,248.0,733.146153846,352.0,1057.744375,253.84,801.29,-1153.81,781.732307692,-299.97
Female: 25-54: Advanced: median real wage,984.639921458,146.453428916,1195.83452242,188.844260363,1249.06411161,-87.9452112769,820.72069197,-1189.50898488,1135.48135259,-942.156506874
Female: 25-54: LTHS or HS: EPOP,57.7664010322,8.01666594171,64.0382931254,4.29885323603,61.4652261827,-9.34675421653,58.1990673134,1.12383858439,61.0550740721,4.09260354561
Female: 25-54: LTHS or HS: median nominal wage,228.8,110.0,334.059230769,120.0,478.238125,141.24,366.143333333,-534.05,363.071025641,-162.81
Female: 25-54: LTHS or HS: median real wage,535.370484909,22.3336960216,546.979925773,11.5313705955,564.958154563,-9.78517510493,375.038846265,-550.795578741,537.099876413,-526.715687229
Female: 25-54: College or Advanced: EPOP,76.7445773523,9.8399583786,82.0083023958,-0.149313611321,79.9244421629,-1.14689975597,80.5908011055,0.705935089304,79.7723291587,9.24968010061
Female: 25-54: College or Advanced: median nominal wage,372.254,234.42,627.173076923,284.23,926.983125,287.77,712.666666667,-1056.0,680.366410256,-249.58
Female: 25-54: College or Advanced: median real wage,865.671813493,176.509091583,1023.62215074,128.379667894,1093.87357647,-2.16291795807,730.074418383,-1088.70282449,987.460305941,-785.976982975
