,Male: 16-24: LTHS: EPOP,Male: 16-24: LTHS: median wage,Male: 16-24: HS: EPOP,Male: 16-24: HS: median wage,Male: 16-24: Some college: EPOP,Male: 16-24: Some college: median wage,Male: 16-24: College: EPOP,Male: 16-24: College: median wage,Male: 16-24: Advanced: EPOP,Male: 16-24: Advanced: median wage,Male: 16-24: LTHS or HS: EPOP,Male: 16-24: LTHS or HS: median wage,Male: 16-24: College or Advanced: EPOP,Male: 16-24: College or Advanced: median wage,Male: 25-34: LTHS: EPOP,Male: 25-34: LTHS: median wage,Male: 25-34: HS: EPOP,Male: 25-34: HS: median wage,Male: 25-34: Some college: EPOP,Male: 25-34: Some college: median wage,Male: 25-34: College: EPOP,Male: 25-34: College: median wage,Male: 25-34: Advanced: EPOP,Male: 25-34: Advanced: median wage,Male: 25-34: LTHS or HS: EPOP,Male: 25-34: LTHS or HS: median wage,Male: 25-34: College or Advanced: EPOP,Male: 25-34: College or Advanced: median wage,Male: 35-44: LTHS: EPOP,Male: 35-44: LTHS: median wage,Male: 35-44: HS: EPOP,Male: 35-44: HS: median wage,Male: 35-44: Some college: EPOP,Male: 35-44: Some college: median wage,Male: 35-44: College: EPOP,Male: 35-44: College: median wage,Male: 35-44: Advanced: EPOP,Male: 35-44: Advanced: median wage,Male: 35-44: LTHS or HS: EPOP,Male: 35-44: LTHS or HS: median wage,Male: 35-44: College or Advanced: EPOP,Male: 35-44: College or Advanced: median wage,Male: 45-54: LTHS: EPOP,Male: 45-54: LTHS: median wage,Male: 45-54: HS: EPOP,Male: 45-54: HS: median wage,Male: 45-54: Some college: EPOP,Male: 45-54: Some college: median wage,Male: 45-54: College: EPOP,Male: 45-54: College: median wage,Male: 45-54: Advanced: EPOP,Male: 45-54: Advanced: median wage,Male: 45-54: LTHS or HS: EPOP,Male: 45-54: LTHS or HS: median wage,Male: 45-54: College or Advanced: EPOP,Male: 45-54: College or Advanced: median wage,Male: 55-64: LTHS: EPOP,Male: 55-64: LTHS: median wage,Male: 55-64: HS: EPOP,Male: 55-64: HS: median wage,Male: 55-64: Some college: EPOP,Male: 55-64: Some college: median wage,Male: 55-64: College: EPOP,Male: 55-64: College: median wage,Male: 55-64: Advanced: EPOP,Male: 55-64: Advanced: median wage,Male: 55-64: LTHS or HS: EPOP,Male: 55-64: LTHS or HS: median wage,Male: 55-64: College or Advanced: EPOP,Male: 55-64: College or Advanced: median wage,Male: 65+: LTHS: EPOP,Male: 65+: LTHS: median wage,Male: 65+: HS: EPOP,Male: 65+: HS: median wage,Male: 65+: Some college: EPOP,Male: 65+: Some college: median wage,Male: 65+: College: EPOP,Male: 65+: College: median wage,Male: 65+: Advanced: EPOP,Male: 65+: Advanced: median wage,Male: 65+: LTHS or HS: EPOP,Male: 65+: LTHS or HS: median wage,Male: 65+: College or Advanced: EPOP,Male: 65+: College or Advanced: median wage,Male: 16+: LTHS: EPOP,Male: 16+: LTHS: median wage,Male: 16+: HS: EPOP,Male: 16+: HS: median wage,Male: 16+: Some college: EPOP,Male: 16+: Some college: median wage,Male: 16+: College: EPOP,Male: 16+: College: median wage,Male: 16+: Advanced: EPOP,Male: 16+: Advanced: median wage,Male: 16+: LTHS or HS: EPOP,Male: 16+: LTHS or HS: median wage,Male: 16+: College or Advanced: EPOP,Male: 16+: College or Advanced: median wage,Male: 25-54: LTHS: EPOP,Male: 25-54: LTHS: median wage,Male: 25-54: HS: EPOP,Male: 25-54: HS: median wage,Male: 25-54: Some college: EPOP,Male: 25-54: Some college: median wage,Male: 25-54: College: EPOP,Male: 25-54: College: median wage,Male: 25-54: Advanced: EPOP,Male: 25-54: Advanced: median wage,Male: 25-54: LTHS or HS: EPOP,Male: 25-54: LTHS or HS: median wage,Male: 25-54: College or Advanced: EPOP,Male: 25-54: College or Advanced: median wage,Female: 16-24: LTHS: EPOP,Female: 16-24: LTHS: median wage,Female: 16-24: HS: EPOP,Female: 16-24: HS: median wage,Female: 16-24: Some college: EPOP,Female: 16-24: Some college: median wage,Female: 16-24: College: EPOP,Female: 16-24: College: median wage,Female: 16-24: Advanced: EPOP,Female: 16-24: Advanced: median wage,Female: 16-24: LTHS or HS: EPOP,Female: 16-24: LTHS or HS: median wage,Female: 16-24: College or Advanced: EPOP,Female: 16-24: College or Advanced: median wage,Female: 25-34: LTHS: EPOP,Female: 25-34: LTHS: median wage,Female: 25-34: HS: EPOP,Female: 25-34: HS: median wage,Female: 25-34: Some college: EPOP,Female: 25-34: Some college: median wage,Female: 25-34: College: EPOP,Female: 25-34: College: median wage,Female: 25-34: Advanced: EPOP,Female: 25-34: Advanced: median wage,Female: 25-34: LTHS or HS: EPOP,Female: 25-34: LTHS or HS: median wage,Female: 25-34: College or Advanced: EPOP,Female: 25-34: College or Advanced: median wage,Female: 35-44: LTHS: EPOP,Female: 35-44: LTHS: median wage,Female: 35-44: HS: EPOP,Female: 35-44: HS: median wage,Female: 35-44: Some college: EPOP,Female: 35-44: Some college: median wage,Female: 35-44: College: EPOP,Female: 35-44: College: median wage,Female: 35-44: Advanced: EPOP,Female: 35-44: Advanced: median wage,Female: 35-44: LTHS or HS: EPOP,Female: 35-44: LTHS or HS: median wage,Female: 35-44: College or Advanced: EPOP,Female: 35-44: College or Advanced: median wage,Female: 45-54: LTHS: EPOP,Female: 45-54: LTHS: median wage,Female: 45-54: HS: EPOP,Female: 45-54: HS: median wage,Female: 45-54: Some college: EPOP,Female: 45-54: Some college: median wage,Female: 45-54: College: EPOP,Female: 45-54: College: median wage,Female: 45-54: Advanced: EPOP,Female: 45-54: Advanced: median wage,Female: 45-54: LTHS or HS: EPOP,Female: 45-54: LTHS or HS: median wage,Female: 45-54: College or Advanced: EPOP,Female: 45-54: College or Advanced: median wage,Female: 55-64: LTHS: EPOP,Female: 55-64: LTHS: median wage,Female: 55-64: HS: EPOP,Female: 55-64: HS: median wage,Female: 55-64: Some college: EPOP,Female: 55-64: Some college: median wage,Female: 55-64: College: EPOP,Female: 55-64: College: median wage,Female: 55-64: Advanced: EPOP,Female: 55-64: Advanced: median wage,Female: 55-64: LTHS or HS: EPOP,Female: 55-64: LTHS or HS: median wage,Female: 55-64: College or Advanced: EPOP,Female: 55-64: College or Advanced: median wage,Female: 65+: LTHS: EPOP,Female: 65+: LTHS: median wage,Female: 65+: HS: EPOP,Female: 65+: HS: median wage,Female: 65+: Some college: EPOP,Female: 65+: Some college: median wage,Female: 65+: College: EPOP,Female: 65+: College: median wage,Female: 65+: Advanced: EPOP,Female: 65+: Advanced: median wage,Female: 65+: LTHS or HS: EPOP,Female: 65+: LTHS or HS: median wage,Female: 65+: College or Advanced: EPOP,Female: 65+: College or Advanced: median wage,Female: 16+: LTHS: EPOP,Female: 16+: LTHS: median wage,Female: 16+: HS: EPOP,Female: 16+: HS: median wage,Female: 16+: Some college: EPOP,Female: 16+: Some college: median wage,Female: 16+: College: EPOP,Female: 16+: College: median wage,Female: 16+: Advanced: EPOP,Female: 16+: Advanced: median wage,Female: 16+: LTHS or HS: EPOP,Female: 16+: LTHS or HS: median wage,Female: 16+: College or Advanced: EPOP,Female: 16+: College or Advanced: median wage,Female: 25-54: LTHS: EPOP,Female: 25-54: LTHS: median wage,Female: 25-54: HS: EPOP,Female: 25-54: HS: median wage,Female: 25-54: Some college: EPOP,Female: 25-54: Some college: median wage,Female: 25-54: College: EPOP,Female: 25-54: College: median wage,Female: 25-54: Advanced: EPOP,Female: 25-54: Advanced: median wage,Female: 25-54: LTHS or HS: EPOP,Female: 25-54: LTHS or HS: median wage,Female: 25-54: College or Advanced: EPOP,Female: 25-54: College or Advanced: median wage
1979-01-01,52.6665145437,160.0,84.9123599786,200.0,65.1838979259,200.0,82.717545773,250.0,55.4985560305,230.0,66.2957534415,189.0,79.1700484936,250.0,83.5732865141,225.0,92.5512175116,280.0,91.7644970642,300.0,94.7615838526,325.0,92.9893114176,354.0,89.7887083449,263.98,94.163222153,336.0,86.2871135554,250.0,94.2912555596,320.0,94.8875680065,350.0,96.7121385161,414.0,96.8776992634,450.0,91.0942884894,300.0,96.7839541588,430.0,82.0035847698,272.0,90.9531834005,330.0,92.0382043284,380.0,95.4438283678,482.0,97.036455333,500.0,86.4374870941,300.0,96.0599361023,490.0,61.936244607,250.0,75.0840721603,320.0,76.2099998502,350.0,82.4405611034,450.0,86.25296594,462.0,67.6681282442,286.0,83.8197249481,450.0,15.2947844882,175.0,23.0294421891,249.8,25.4521178181,250.0,24.6993662222,300.0,40.8967692824,419.51,17.1807110191,200.0,30.9065121789,370.47,56.1930403506,230.0,82.9346362285,280.0,78.8531199377,300.0,87.6086533453,360.0,88.7636810118,400.0,68.8886021161,257.0,88.0221114582,385.0,83.7633586431,250.0,92.6583402708,300.0,92.672211017,325.0,95.4393890945,377.0,95.2439417686,400.0,89.0945404661,290.0,95.3656630702,400.0,36.6071444966,125.0,65.3696764765,146.0,61.2398296567,155.0,82.6883869346,200.0,62.4596549038,225.0,50.2227216728,140.0,81.1316537845,200.0,41.1327724111,145.0,58.3125739493,175.0,63.5630947066,200.0,70.7735558022,240.0,78.7581041687,279.0,53.597339663,168.0,72.5905802569,250.0,47.558776938,150.0,62.5233072125,180.0,65.3859733494,204.0,66.7353056507,250.0,80.7662210433,309.46,57.3773113237,171.37,70.4474112033,275.0,45.295133283,150.0,58.2730198989,185.0,61.8200024615,211.0,65.796108383,269.39,83.9529926497,322.93,52.9979502184,172.0,70.6522590182,290.98,32.6238597772,150.0,43.5759696887,190.0,48.3348349856,212.0,47.1375392045,280.0,66.465900568,320.0,38.1989081639,170.0,52.0384968343,300.0,6.27937919262,135.0,10.5094184848,175.0,10.5128229579,220.0,10.2598970718,200.0,14.233414761,254.89,7.55237735364,150.0,11.143992226,211.86,30.2244802785,144.0,53.2583709946,170.0,56.8527002307,192.0,62.2818414439,240.0,71.2187367523,300.0,42.480413688,160.0,64.2949369629,250.0,44.7687432454,150.0,59.6034376608,180.0,63.706185458,200.0,68.79201194,250.0,80.4112534707,300.0,54.5846009749,170.0,71.640665748,250.58
1980-01-01,49.4258564409,170.0,80.8311850836,208.0,63.1251707238,210.0,82.3502664928,264.0,54.6075263519,300.0,62.7248510985,200.0,78.4051548641,269.41,79.7325496125,240.0,87.9601340881,300.0,89.9813847612,320.0,94.9927863355,354.0,91.3167061463,400.0,85.492962643,280.0,93.7682871252,370.0,82.5767957832,261.0,92.313429519,350.0,93.1272796594,390.0,97.0377278853,466.0,97.5478204106,500.0,88.5293717201,320.0,97.2531514781,494.95,79.4400612418,293.0,90.2114990797,350.0,91.6085958078,400.0,95.5213942648,500.0,96.4027552223,500.0,84.8507602228,320.0,95.8697142191,500.0,59.479505146,280.0,73.8989437356,350.0,75.3672161414,400.0,83.2083898253,500.0,86.1727118138,500.0,65.8466341109,308.0,84.2839989647,500.0,14.3943313039,192.0,21.081963497,250.0,23.2868481271,275.0,27.873672716,323.58,41.1658533178,400.0,16.1200472486,200.0,32.8310511262,350.0,53.4769514962,246.0,79.971778739,300.0,77.2546277046,320.0,87.9901477299,400.0,88.2648343436,450.0,66.2770127563,280.0,88.0880469295,404.0,80.4855031768,260.0,89.886868281,324.0,91.1497726177,350.0,95.6874340629,400.0,94.6509261922,450.0,86.2223994366,300.0,95.299685348,420.0,34.3372537016,135.0,64.8295454524,160.0,61.4305458018,173.0,81.6004041923,210.16,68.2873498735,250.0,48.7441999313,153.0,80.3953660377,215.0,39.934583835,157.0,58.4610630009,196.0,65.4864539667,225.0,72.4310852352,255.0,80.9348105035,300.0,53.5203436244,183.0,74.4343739747,275.0,48.1397216225,160.0,63.7534883779,200.0,67.0351806126,234.91,67.700237997,289.21,81.1502083255,350.0,58.458089786,187.0,71.3965128928,300.0,45.3449531017,164.07,59.6389750775,200.0,64.2451661287,230.0,66.9092230914,300.0,83.6484081429,354.97,53.9207578704,189.0,71.2544794995,313.65,30.7274468451,162.0,43.7759015559,200.0,47.7600210012,226.68,48.4991604294,287.3,64.279623967,360.29,37.6211840119,187.0,52.5818199816,300.0,5.92029957075,136.35,10.5015049278,180.0,10.5555038174,211.83,9.97485320627,210.0,15.4119984987,286.87,7.34046909419,160.0,11.2243600888,232.09,29.0368600268,158.0,53.3418332391,185.0,57.9686835321,204.0,63.4502076506,255.0,72.4550722971,320.0,42.1319663735,176.0,65.5433185357,275.0,44.5956491991,160.0,60.4137369656,200.0,65.6874659003,225.0,70.1721017311,271.0,81.5025700815,320.0,55.1764521701,186.0,73.0145584544,290.0
1981-01-01,47.0665851959,180.0,79.4046105548,222.0,62.7465128899,225.0,82.2546406904,288.52,60.7948702846,350.0,60.846671224,200.0,79.5150412146,290.0,78.3836883585,250.0,88.010411848,320.0,89.2524239892,350.0,94.0091460313,399.29,91.3861254848,425.0,85.2510229641,300.0,93.1549217028,400.0,82.1954813236,280.0,91.0081242835,371.0,93.0591568503,418.0,96.9490746619,500.0,97.0277451882,500.0,87.6789601156,346.0,96.9830668843,500.0,78.5965201811,300.0,89.598870726,400.0,90.8381094507,428.0,95.6065959506,540.0,96.3864138479,535.0,84.3121264019,350.0,95.9131745821,538.0,57.9364339286,300.0,70.5712271338,370.0,74.2830434081,409.29,81.6238610806,543.02,84.1382431922,550.0,63.6113997741,336.51,82.55517195,550.0,13.598684724,200.0,20.1315088799,280.0,24.3893137927,300.0,26.1627906959,400.23,38.2563359894,432.82,15.3723538467,225.0,30.6991690237,410.0,51.8414512731,260.0,78.7107511038,320.0,76.9658753905,350.0,87.3022148343,435.0,87.9927381969,500.0,65.1267924559,300.0,87.5496297582,450.0,79.6475387342,280.0,89.322857389,350.0,90.5996960385,385.0,95.2008482962,450.0,94.6073441983,500.0,85.7089167191,325.0,94.9786418126,460.0,33.0514424969,149.2,64.6142774485,172.0,60.8383955648,185.0,82.1398101692,245.0,61.1332627893,252.02,48.05617792,165.0,80.2911431007,250.0,39.6183553882,168.0,59.5229259605,203.0,66.6296587534,250.0,73.6502957626,291.0,80.0573736839,330.0,54.2824636814,200.0,75.1870178964,300.0,47.9824926002,175.0,64.5808620187,215.0,68.4855029911,254.0,68.0455870529,300.0,81.6026972495,375.0,59.2154671369,200.0,71.8641562745,329.67,45.9199181911,176.0,60.995066503,217.0,65.5357701577,250.0,67.3988932444,303.6,83.7235650495,400.0,55.0201012562,200.0,71.9355018866,350.0,30.500929358,177.7,43.4197874002,217.03,47.1583771734,257.81,47.5904611799,320.0,64.8179854821,400.0,37.3828160362,200.0,52.3245512886,353.83,5.86200441142,150.0,10.0385831601,198.63,10.1400596093,212.99,9.21013067774,250.0,17.3409392758,208.89,7.19390586034,175.0,11.0520624926,248.9,28.4726133231,170.0,53.6041471478,200.0,58.3552978389,230.0,64.0070093035,290.0,72.8390187202,351.0,42.1594245758,198.0,66.1305636126,300.0,44.6051901588,175.0,61.5010102571,210.0,66.956415932,250.0,70.9643002212,300.0,81.2464257119,350.0,56.0457583579,200.0,73.6271366886,308.0
1982-01-01,42.5883577076,190.0,75.3036720081,227.16,60.6215822915,230.0,79.8352550392,300.0,53.8527448163,296.94,56.8753113967,212.0,76.4515954386,300.0,72.7696448565,250.0,84.2072740389,326.0,86.1214864042,364.0,93.1626014464,420.0,89.8914365964,461.0,81.0392135198,310.0,92.1149332877,428.96,77.151102121,300.0,88.0891857544,400.0,90.9745793194,450.0,95.7331082956,525.0,96.9497517755,575.0,84.0833122635,360.0,96.2528029435,550.0,77.136551997,315.0,87.4460170365,400.0,88.4030037393,450.88,94.0946232349,575.0,95.9021065574,600.0,82.7445011409,372.0,94.8156974812,580.0,56.4515055861,312.0,67.4712483811,400.0,72.2869322179,450.0,80.6367880833,585.34,84.6233764615,600.0,61.5419189219,350.0,82.1182876843,595.25,12.7616635413,214.9,19.0295383952,313.7,22.5243331714,350.0,27.0454354545,500.0,37.2386121637,500.0,14.5822819025,250.0,30.8861377347,500.0,48.6757831755,274.0,75.3187350592,340.0,74.7172030308,380.0,86.2425617878,480.0,87.2263476539,520.0,62.2517823839,310.0,86.5946138199,500.0,75.7991965151,292.0,86.1984597898,363.0,87.9522623997,400.0,94.1448305811,495.0,93.996761649,510.0,82.4833140165,346.0,94.0895695256,500.0,31.8571172026,150.0,61.8568103231,180.0,60.0178068142,200.0,81.8552625179,250.0,57.0203824576,267.41,46.2023169762,175.0,79.7450543793,250.0,37.7741306892,175.0,58.6526045163,225.0,67.26842621,260.0,75.5790523702,307.0,79.8824265636,350.0,53.3262041948,212.0,76.6655807686,325.0,46.7074938946,186.0,64.1059083258,230.0,69.5186725039,280.0,69.5401594584,350.0,80.6919468246,400.0,58.6605985378,220.0,72.7532217207,364.91,43.7253434784,190.0,60.7919279584,240.0,64.5749962369,277.0,69.2764627454,350.0,85.6170342046,420.0,54.2481587943,224.0,73.8651234208,375.0,30.0892187143,185.0,42.2584246175,240.0,47.4038025682,279.75,49.8139294196,339.0,66.6924689003,451.27,36.7165047363,220.0,54.2289436433,385.0,5.42686054606,152.0,10.0985719603,215.0,10.8327544451,250.0,8.70730269149,345.22,17.4591099278,350.0,7.01854958398,180.0,10.7012458742,350.0,27.3314493148,178.0,52.2581447003,219.0,58.4928237493,250.0,64.9068290167,305.0,72.9177237816,400.0,41.1961717973,202.0,66.8812154606,330.0,42.8022649156,182.0,60.9494338774,230.0,67.4347939074,270.0,72.6901957793,325.0,81.1756399644,390.72,55.2904420415,220.0,74.9679239999,346.0
1983-01-01,42.1377771557,180.0,75.6256658857,222.0,61.8229515112,232.0,80.3919603869,300.0,64.8714867153,300.0,56.7186465595,200.0,78.2402086077,300.0,72.5470881814,250.0,83.5276632554,340.0,86.3518505732,385.0,92.814762438,432.0,88.945837268,500.0,80.5207541518,320.0,91.5476582423,450.0,77.1208867221,300.0,87.6206290488,400.0,90.3659520733,468.36,94.843345467,550.0,96.6852775863,600.0,83.9901001606,376.0,95.6135793685,575.0,75.3288870004,327.0,86.2462724746,410.0,88.3297896894,500.0,92.8384547979,600.0,96.6415559103,667.29,81.4854687145,400.0,94.3849836362,640.0,55.3495953296,330.0,65.7343237985,400.0,69.1223581335,480.0,79.9916236071,600.0,83.9140439008,615.0,60.158927304,374.0,81.5047942394,600.0,11.9428398683,230.0,18.3756706407,322.81,22.3394889461,371.82,29.1185185391,424.84,37.1061206881,500.0,13.9136620485,253.0,32.2004704237,450.0,47.67979844,280.0,74.5002118489,350.0,74.7730174698,400.0,85.9855715219,500.0,87.1049642911,550.0,61.6004015489,320.0,86.3918567167,500.0,74.9974328929,300.0,85.4634603137,384.0,87.930144473,412.0,93.486575977,500.0,93.7340620014,550.0,81.8780383058,350.0,93.5796715983,500.0,30.4344593145,150.0,61.7448178392,190.0,61.0223205496,200.0,83.3162245922,255.0,61.8372000116,300.0,45.6257619623,180.0,81.5744768735,260.0,36.7854915479,185.0,59.7493695042,232.0,68.178012593,276.0,76.8471270746,325.0,81.3708755268,400.0,53.9285201582,225.0,77.9416071139,350.0,46.2026781126,200.0,64.5201375422,245.0,69.5865874638,294.0,71.0021329618,360.0,81.121739507,440.0,59.0404176433,230.0,73.94077971,388.68,43.743118815,200.0,60.3066433106,250.0,65.6707099535,300.0,68.9376116219,375.0,84.3650139134,450.0,54.2113594254,230.0,73.2301260471,400.0,29.8980234485,200.0,42.0929215903,250.0,45.9290485067,291.0,48.5762225713,350.0,69.3397131949,450.0,36.6486863228,233.72,54.3423551464,400.0,5.39359466316,160.0,9.45625360595,230.0,11.3934963281,250.77,8.99457556482,300.0,15.8592263048,349.23,6.82973321993,200.0,10.607307012,316.93,26.5833862748,188.0,52.1360293987,226.0,59.1358391605,258.0,65.9429121844,325.28,73.4747219879,400.0,41.028988198,216.0,67.7895252786,350.0,42.3000604665,195.0,61.442590887,240.0,68.152513689,282.0,73.7357294267,350.0,81.8010771118,400.0,55.6594576391,226.0,75.8625920437,360.0
1984-01-01,44.6332089333,200.0,80.397968989,230.0,63.7894920737,240.0,79.7645781639,328.39,56.9773863474,323.04,60.4507810079,220.0,76.7696583905,328.0,75.8587228177,270.0,87.4408897569,350.0,89.1462026364,400.0,94.2324358813,462.0,89.6317491811,500.0,84.3188770044,325.0,92.7803438622,475.0,79.5889370522,300.0,89.7104818899,416.0,92.2275225159,481.0,96.1037803275,600.0,96.4881919474,620.0,86.3663570327,400.0,96.2679797197,600.0,77.2407772698,333.44,87.6893722084,442.29,89.6239871425,500.0,94.4357677892,650.0,96.4971459856,700.0,83.2569365772,400.0,95.2810300054,675.0,55.2823575194,344.0,65.2830291444,420.0,69.5319799523,500.0,77.6126463955,650.0,84.769918471,699.02,60.0418975309,398.13,80.3430176501,655.0,11.1081463278,209.59,16.9937158771,360.0,21.3161399732,404.0,26.5414541449,480.0,37.7066356959,516.05,12.9911577092,288.53,30.7862177395,500.0,48.9196695695,281.0,76.7094212249,360.0,76.6371008896,400.0,86.4176733863,500.0,87.3932797393,600.0,63.6784335693,330.0,86.7709302968,538.0,77.4805835604,300.0,88.1880611138,400.0,90.2297683211,440.0,94.9156595022,517.0,94.044430183,600.0,84.6372341412,360.0,94.5878108773,550.0,32.9521523163,160.0,64.459673942,196.0,62.28398464,200.0,82.5048648169,275.0,59.3257797414,289.97,48.2441489618,186.0,80.5361717047,275.0,39.9154098914,187.0,61.9278783163,245.0,68.9866127507,300.0,78.2615452693,350.0,82.9307016926,400.0,56.4599402802,235.0,79.3690508424,360.0,47.5497713596,200.0,66.5597577999,254.0,71.6943684484,300.0,72.1347247827,390.0,84.8664367356,458.03,61.1562423423,245.0,75.9388682804,400.0,43.7306945995,200.0,61.6988792793,256.0,67.1550740121,304.0,69.794943849,400.0,85.0882047297,500.0,55.1574282276,244.0,74.4289491866,420.0,31.3258092171,200.0,41.75787485,260.0,45.2345957782,300.0,50.9861534755,400.0,66.147828746,480.0,37.36854001,240.0,54.9873542195,415.31,5.20404104266,171.08,9.01639207797,231.0,10.0956283961,232.0,10.0235666428,350.0,13.8202471508,350.0,6.60997210328,200.0,10.913690823,350.0,27.5868295186,194.0,53.1612754257,240.0,60.1025521748,275.0,67.2859346834,350.0,75.2051812295,442.0,42.3228904248,225.0,69.2550075184,375.0,43.6921136109,200.0,63.3940120942,250.0,69.5196736735,300.0,74.9377535905,360.0,84.0611854605,442.0,57.6084802874,240.0,77.3915147232,394.25
1985-01-01,46.0707239748,200.0,80.0506556895,240.0,64.96710778,250.0,81.1746969398,356.0,51.861935026,400.0,60.4419477973,224.0,77.518901794,360.0,76.9679778828,280.0,88.6006690547,352.0,90.4389286503,400.0,94.3768552301,500.0,89.6004706029,519.0,85.487956787,338.0,92.9425776063,500.0,78.3830228202,320.0,89.6412232318,437.0,91.791907008,500.0,96.0268862291,600.0,96.9388537815,660.0,85.9948422616,400.0,96.4026583572,624.0,74.6500168274,350.0,88.1184061466,450.0,90.3508470396,520.0,94.9497571774,675.0,96.4118132554,750.0,82.5208486856,405.13,95.5456716985,700.0,55.9952400434,350.0,65.9576992498,443.0,67.9859986088,500.0,76.3699905994,660.83,82.0651299375,741.71,60.786416678,400.0,78.5484010698,700.0,10.3014209177,230.0,17.2999042068,392.92,20.4374741219,400.0,21.9820021846,500.0,36.7894409203,530.57,12.6304582056,302.48,27.7292471547,500.0,49.0407525578,294.0,76.9697999864,370.0,77.076209301,420.0,86.0495567358,533.24,86.6208448726,635.0,63.9604470564,350.0,86.2521848032,575.0,76.5787156885,300.0,88.8012912453,400.0,90.8790916004,450.0,95.0716815385,550.0,94.3222229627,625.0,84.8239310551,375.0,94.7981890266,580.0,33.7593294561,160.0,65.3013796283,200.0,64.0672129828,212.0,84.3682900567,300.0,58.6837426188,300.0,48.68038126,195.0,82.4637750702,300.0,39.5989314197,190.0,63.1810166222,250.0,69.7142164787,300.0,80.2836257676,370.0,82.1544705432,446.0,57.4188038976,240.0,80.7267206949,400.0,49.2086024618,200.0,67.9952038948,264.0,72.4422663936,325.0,73.7618640879,400.0,84.3944614144,500.0,62.7906901112,250.0,77.2108941217,438.0,44.5884498133,200.0,62.6076920427,275.0,69.5202712934,315.0,73.4612712392,400.0,85.8334236113,500.0,56.3309834837,250.0,77.3243135874,450.0,30.6556685159,203.78,41.4400906739,275.0,48.8637941573,320.0,48.5961838365,400.0,69.3266152259,500.0,36.9220386002,250.0,54.1006119408,450.0,4.93522615819,175.01,8.37094518008,250.0,10.3009805949,297.0,10.0612265083,372.03,15.1718028957,437.82,6.24677235645,218.0,11.1982232117,400.0,27.7546855321,200.0,53.6389027403,250.0,61.4714220435,289.0,68.6592897575,375.0,76.0588991301,480.0,42.8077210762,238.0,70.5475511859,400.0,44.385134551,200.0,64.6177164321,258.0,70.5938065333,310.0,77.045938484,400.0,83.7518192487,480.0,58.8597098268,250.0,78.924553102,400.0
1986-01-01,46.1167760411,200.0,80.7965420334,240.0,64.7819941767,250.0,84.1576660808,365.0,59.7667545909,376.35,60.8634807998,230.0,81.5283340007,365.0,76.4674602318,280.0,88.6668988675,360.0,89.9070422862,405.0,94.9761099962,500.0,90.0373506493,600.0,85.4309382393,340.0,93.530836508,501.17,76.852642275,330.72,89.3393902044,440.0,91.447021341,500.0,95.2557688694,615.0,95.94317994,700.0,85.4232516515,400.0,95.5322540844,650.0,75.7792310008,350.9,88.0424704004,480.0,90.3232450801,550.0,94.0374415128,716.55,95.1629084575,785.0,83.0247962953,433.0,94.5055253593,750.0,54.0434798325,357.79,65.8749603908,465.0,67.4589112909,550.0,76.7762732233,700.0,82.1190674693,800.0,59.8246953874,400.0,78.8297421863,750.0,10.4952081148,230.0,17.7215406557,375.87,21.0250344447,450.0,21.7605785126,470.53,29.9328127794,765.0,12.9954072035,280.0,24.9944335599,623.45,48.7531076375,300.0,76.9715697326,380.0,77.00177886,440.0,86.0934621627,575.0,85.4760005081,700.0,64.0601062775,350.0,85.8757331535,600.0,76.3455893021,320.0,88.7260943977,400.0,90.5235282445,480.0,94.8997501193,580.6,93.8206498174,690.0,84.7870801601,390.0,94.5104409218,600.0,34.5770158004,160.0,66.2957615846,200.0,64.2853363161,220.84,84.2393787446,310.0,65.0672621473,391.41,49.4837936474,200.0,82.8537281028,315.06,40.1039436794,200.0,64.0481464312,254.0,71.0035049404,306.0,80.6641449417,400.0,82.467019489,480.0,58.0983001894,250.0,81.073926535,400.0,49.7507532303,200.0,69.6368307384,280.0,73.8578312193,340.0,74.9938087044,420.0,84.9955011266,500.0,64.4133220052,258.0,78.2434639381,460.0,46.6683437005,210.0,63.7967787164,290.0,69.9786523627,346.0,75.8420834187,450.0,86.7412301729,513.63,58.0432658138,265.0,79.355317736,480.0,29.5030567064,218.0,42.4271024523,280.0,48.8620057651,342.0,49.9934535544,450.0,72.0159823133,520.75,37.1043660454,253.0,56.1764226122,481.0,4.73562095678,182.99,8.65434807513,250.0,10.7204185051,295.73,10.3240097938,378.3,16.5756054628,400.0,6.26564685023,220.0,11.8056350938,383.0,27.9191710152,200.0,54.5398069646,251.0,62.3055211905,300.0,69.4530867684,400.0,76.6656882923,500.0,43.5588396205,245.0,71.3128819337,417.0,45.3196209336,200.0,65.8404748609,273.0,71.7933353453,324.0,77.9814787891,400.0,84.368778707,500.0,60.1387141016,250.0,79.7611547618,434.69
1987-01-01,46.2326404935,200.0,82.3276750754,250.0,65.0578736763,260.0,85.0523016534,376.48,58.1403443599,446.27,60.7426357686,240.0,82.3848188506,380.0,78.637777859,290.0,89.663976666,376.0,89.9923900488,425.0,94.5975356182,510.0,89.6785873976,600.0,86.7097917318,350.0,93.1782583796,550.0,77.6575130213,330.0,89.7803158955,445.25,91.2633207211,516.0,95.7305901564,653.0,96.6455158542,750.0,86.1618179843,410.0,96.0942715427,700.0,75.2559073614,375.0,88.038324937,488.0,90.1539422389,580.0,94.0614411536,750.0,95.3837255408,808.0,82.9884872919,450.0,94.6320049497,795.0,55.2115843127,360.0,65.6298709976,480.0,68.2584592684,552.31,75.8517448178,770.0,82.284227831,800.0,60.4248436818,410.0,78.4855021759,800.0,10.82214682,247.15,17.6375874942,375.71,21.0926095469,450.0,22.7281871499,580.76,31.8437289592,750.0,13.3034935776,290.0,26.3281539735,684.68,49.2911571639,300.0,77.2285547142,400.0,77.1866398,450.0,86.1149589078,600.0,85.8755369735,722.22,64.57361488,360.0,86.0297368294,625.0,77.2289925105,320.0,89.3271985034,410.0,90.4793587213,500.0,94.9224138655,600.0,94.1481099703,711.0,85.5725278895,400.0,94.6422360817,640.0,36.1303181984,163.0,67.1542415983,210.0,65.9198363221,240.0,85.8583908117,333.0,64.7921527785,345.0,50.1102838058,200.0,84.3212120172,333.56,43.2454284255,200.0,65.6796304255,272.0,72.2210916527,320.0,81.0543259639,402.0,82.6334296199,500.0,60.2117213692,256.99,81.4080473627,430.0,51.4909376531,201.0,70.5859711839,291.0,75.1008450426,352.7,77.4610836696,450.0,86.5413639957,525.68,65.6713886822,271.0,80.4458848744,500.0,46.3470073141,224.0,65.4197359013,300.0,72.8320302201,364.98,75.6599396827,450.0,88.0446123381,550.0,59.1568669468,280.0,79.8117118716,500.0,30.2069596155,230.0,43.0510479742,292.0,49.0279420856,350.0,51.6368659561,452.44,67.5461450756,554.42,37.8190224221,270.46,56.1494872899,500.0,4.91087878713,170.43,8.88645442958,260.0,9.81836123297,323.66,8.92619803172,358.88,16.9201497452,500.0,6.5398834935,228.0,10.8095670049,369.67,28.9475591393,200.0,55.1599821485,269.0,63.5742909298,310.0,70.1383203557,414.0,77.2248416402,500.0,44.4571784753,250.0,71.993526566,450.0,46.8358596321,209.0,67.2449158203,280.0,73.3320458032,346.0,78.943128801,430.09,85.4355684415,500.0,61.6991280063,266.0,80.775049875,454.0
1988-01-01,47.7973325216,208.59,83.0233897969,256.0,65.7806860692,268.0,85.0540022615,375.0,64.3804464317,400.0,61.857458788,240.0,82.5176914798,375.0,78.3218579537,300.0,89.8600922335,395.63,90.6069535334,440.0,95.0233418366,550.0,92.5451787504,620.0,86.7267387379,360.0,94.2990931035,575.0,79.3935378752,335.75,89.9230616947,460.0,92.1133082144,520.0,95.8950355888,675.0,96.9765013147,774.38,86.8303874339,425.0,96.321282712,700.0,75.6072229641,378.0,88.6921753816,500.0,91.2626770088,600.0,93.2812878007,769.0,96.471629358,840.33,83.7075776829,450.0,94.7050259406,800.0,54.2773902585,400.0,64.6983596149,480.0,69.5381248696,567.0,74.056164966,800.0,83.2371159062,834.09,59.5047552702,440.0,77.8765414635,800.0,10.8451357848,250.0,16.6421784077,370.0,20.7863924231,450.0,25.0674182365,500.0,33.6078430822,813.48,13.0411735404,300.0,28.4723205722,650.0,49.9751382905,300.0,77.1144539777,400.0,77.8998288966,457.34,86.0983086946,600.0,87.1635867155,750.0,64.9815047704,374.0,86.4848978203,650.0,77.7611917009,325.0,89.6098818749,426.0,91.2863169722,500.0,95.0143799663,620.0,95.4940719342,750.0,85.9773077789,400.0,95.1903810931,670.0,37.1215060722,176.0,67.0714830616,220.0,66.2661191269,240.0,85.2058528696,350.0,71.669675759,327.01,50.6205512833,204.71,84.0395501638,350.0,44.222400462,200.0,66.166923551,280.0,73.1696389357,334.0,81.6026314941,430.0,81.4140461284,500.0,60.9047454676,265.0,81.5586108464,450.0,50.5093756386,216.0,71.3165746268,300.0,76.608881416,372.0,78.4506675574,465.0,86.5431060072,577.0,66.000855377,280.0,81.142664221,500.0,48.0515809408,238.52,67.1980724276,300.0,73.7098719429,376.02,78.9262350541,480.0,88.007418592,558.0,61.0588005399,290.0,81.9979478792,500.0,31.3942061955,234.0,43.9105894554,300.0,49.3052866625,360.0,53.365828544,475.0,63.3108515933,600.0,38.8679638008,280.0,56.4998808525,500.0,5.17500896034,190.24,9.13663707567,280.0,10.7235862195,300.0,10.2156415631,336.18,14.7464022799,529.93,6.88670162064,248.03,11.4001966517,402.07,29.7227420837,210.0,55.403297245,280.0,64.4160688095,323.0,71.2078244328,437.0,75.8339165663,548.0,45.1222361687,260.0,72.4765966849,468.0,47.4623185812,220.0,68.1349801474,300.0,74.4922891391,350.0,80.0371139607,450.0,85.0197803262,548.0,62.6012669166,280.0,81.4806241266,485.0
1989-01-01,48.8596179573,220.0,81.9494988086,268.0,67.4642317472,280.0,82.9452204456,400.0,64.6937921162,375.0,62.1865241469,250.0,80.5603753985,400.0,81.224391472,300.0,90.0479356687,400.0,91.6517136136,450.0,95.4658966977,576.0,91.3410088407,671.49,87.6862908318,366.0,94.301420724,600.0,78.8112795098,348.94,89.896309034,480.0,92.2217005309,550.0,95.8460653533,700.0,96.5812922908,800.0,86.7080651152,445.38,96.1419768368,750.0,76.5409851485,400.0,88.6274857187,500.0,91.1046073908,610.0,92.9363345536,800.0,96.0412615178,900.0,84.1749955513,480.0,94.3433234327,839.65,52.8835079145,400.0,65.6562081637,500.0,69.7109293456,597.5,74.1391044144,800.0,82.5719802117,865.0,59.4484570621,450.0,77.8496692926,825.0,11.1661872312,259.47,17.1707302968,372.0,20.245655591,500.0,24.2753075479,550.0,33.5053800433,635.0,13.4898389045,300.0,27.8842849478,581.88,50.5164841666,309.0,77.0795399421,400.0,78.3532091518,480.0,85.7780750944,639.0,86.6266277535,800.0,65.430978048,390.0,86.0905194352,700.0,79.0143987684,330.0,89.666168408,441.0,91.7578729365,500.0,95.1050425478,650.0,94.951142023,800.0,86.4699978116,400.0,95.0481375147,700.0,37.4499245104,181.11,67.1793978035,225.0,65.3251368594,250.0,85.6023232964,370.0,73.9663207625,400.0,50.8222988115,216.0,84.427673696,374.0,44.2299666526,208.88,67.1457674563,288.0,73.8839150829,350.0,81.2606645585,450.0,81.8710961056,540.0,61.6193231496,275.0,81.4029962197,480.0,52.7037169306,236.0,72.8362462107,300.0,77.0439414406,391.51,78.2037160956,500.0,86.921053387,600.0,67.8076647339,296.0,81.1599302145,538.0,48.4250292755,240.0,69.0464609166,320.0,75.1681549069,400.0,77.7269612417,500.0,88.5770434749,638.52,62.3898161617,300.0,81.5179244779,558.0,31.8206643558,240.0,45.4951209421,320.0,52.4030434851,385.0,52.1873489118,500.0,67.6647731097,600.04,40.0372652406,300.0,57.5496578211,552.44,5.54440553975,200.0,9.34269697726,276.52,11.3743353794,381.4,11.4869925682,421.14,15.2415367949,450.0,7.23431016462,247.0,12.5493588632,450.0,30.2061150701,220.0,56.1190037247,290.0,64.9432414473,350.0,71.246229073,462.0,76.6086595264,600.0,45.8439245712,275.0,72.7759039279,500.0,48.2534577721,225.0,69.5448667293,300.0,75.2762625945,373.0,79.5394567953,480.0,85.599096244,600.0,63.8572449457,284.0,81.3324417389,500.0
1990-01-01,47.5646718662,220.0,81.6657271945,280.0,65.8271670111,290.0,82.8314166126,441.12,59.6481742723,474.76,61.1734111818,260.0,79.7412011714,442.0,79.3700214388,300.0,89.1580341028,400.0,90.612527,480.0,94.0018263547,600.0,90.7507576338,700.0,86.478602689,380.0,93.0606923531,615.0,79.0490761002,340.0,88.9990469572,480.0,91.5960738801,577.0,96.1376400004,738.02,96.3399574467,850.0,86.2284446248,440.0,96.2168207803,788.0,74.3599085453,400.0,87.9164722286,520.0,90.1018022839,640.0,94.2297398287,850.0,95.7878540997,940.0,82.8836179357,480.0,94.9299981302,900.0,52.6030089232,400.0,65.9094847334,500.0,69.904867081,600.0,75.4861986802,800.0,81.0855449468,960.0,59.6897415607,461.99,77.8391154383,880.0,9.98908419805,250.0,16.4619757347,371.35,19.3501389071,480.0,25.1635681663,664.0,34.5044405118,797.73,12.5776745569,303.05,28.98461416,750.0,49.9274800545,310.0,76.6091981586,410.0,77.4817751657,500.0,85.8064455487,673.0,85.7728368743,827.0,65.0258787809,398.0,85.7941256782,730.0,77.6935349913,338.0,88.8215313587,450.0,90.8941293586,540.0,94.8830156358,695.0,94.59881548,822.3,85.4816924996,400.0,94.7783637579,750.0,34.8702577003,183.79,66.4056535571,240.0,64.952534634,260.0,84.4716972201,375.0,74.8076906866,400.0,48.4016828997,222.0,83.4680757539,380.0,42.4590471123,220.0,67.5416358947,300.0,74.0112231847,360.0,81.6077042477,500.0,82.8018881087,550.0,61.14767318,280.0,81.8832016661,500.0,50.9662753525,240.0,73.1313362457,320.0,77.1695850031,400.0,79.2544886289,525.0,85.5944094051,615.0,67.7231568005,300.0,81.3484635387,573.52,48.8200586279,250.0,68.6613937269,325.0,75.7176257894,416.4,79.6780194901,520.0,87.9230147463,650.0,62.5934641433,300.0,82.5462452941,577.0,31.0895123959,244.72,45.6319282421,340.0,52.2060538181,400.0,53.7132789309,520.0,66.1531931444,667.69,39.9496811895,300.0,57.8404650596,577.17,5.16014643571,223.67,9.65670215418,300.0,11.8729655634,361.9,12.6683610211,383.02,16.675654712,600.0,7.20024362295,270.0,13.8595884847,450.0,29.1484231822,225.0,56.0803434928,300.0,65.1412854267,360.0,72.0935789891,500.0,75.894491735,600.0,45.3932744731,280.0,73.1670484224,511.0,47.126469406,235.0,69.7722238056,308.0,75.4971562917,398.45,80.3959799002,500.0,85.2184644311,600.0,63.7630288402,300.0,81.8053693473,538.0
1991-01-01,44.1188160508,227.07,78.3807430048,280.0,63.1568977014,300.0,80.8760215845,435.0,64.8101014215,362.64,57.5169791529,260.0,79.0295632825,425.0,74.7293933924,300.0,87.5669792994,400.0,88.9756910701,480.0,93.1637800636,600.0,90.5986125347,725.0,83.9955759863,382.0,92.4317206124,635.0,76.2026243861,350.0,87.2459201262,490.0,90.4035805795,600.0,95.1071994051,749.4,96.0778506911,900.0,84.1902467784,450.0,95.4710503182,800.0,72.0324657761,395.4,85.477003791,550.0,89.2789209299,650.0,92.9044677337,850.0,95.1483999223,1000.0,80.6649216079,500.0,93.9040737321,923.0,50.3292078372,400.0,65.5847338811,500.0,66.919581241,615.39,74.8650175486,876.14,79.1976238418,1000.0,58.6339575061,460.0,76.7213126324,911.0,10.0510541905,252.78,14.4546303567,400.0,18.6939173519,450.0,23.5783086257,788.97,31.7164358493,977.0,11.8806654436,320.0,26.8611699687,803.81,47.6975215921,318.36,74.4590439963,426.0,75.8511978277,500.0,84.495955073,700.0,84.7654231625,900.0,62.9719021016,400.0,84.5931715378,750.0,74.3690082528,339.0,86.9814550737,452.0,89.6001685786,550.0,93.87614504,700.0,94.2717901869,877.0,83.2278334877,420.0,94.0188272285,750.0,31.9933770346,200.0,63.7017619901,245.0,64.2266990567,264.0,82.1921085901,395.0,65.8617311523,400.0,45.3829766934,236.31,80.6502296551,400.0,40.191621212,226.0,65.9355798798,304.0,73.2262698487,378.0,80.6841612433,500.0,83.6703641668,600.0,59.1988131855,300.0,81.3489042733,500.0,50.1034496388,250.0,73.0085486736,341.0,76.6426180335,423.0,78.7614624935,550.0,85.0686796208,651.0,67.4776158508,320.0,80.8285581706,600.0,46.7419530413,250.0,69.3642029691,342.0,75.1241135619,437.46,80.4969180192,575.0,88.1027382518,698.0,62.5843828948,320.0,83.1336336422,600.0,31.5711336782,250.0,44.4111487488,350.0,51.2149864155,400.0,55.0309269272,538.0,65.7377159397,711.92,39.638839925,306.0,58.4269197969,577.0,5.20623400832,227.0,9.10202731252,300.0,11.8080047665,401.15,11.5982371228,434.7,18.830150797,510.79,7.05633611602,270.0,13.6517076624,450.0,28.1898686603,240.0,54.8850439619,315.0,64.22374623,375.9,71.4475900933,500.0,76.2855393352,650.0,44.4879488073,300.0,72.7897356289,550.0,45.3230305913,240.0,69.341847086,325.0,74.8991497853,400.0,79.9414676512,520.0,85.3711390646,650.0,62.9742831362,306.0,81.5095090103,560.0
1992-01-01,42.0211023627,220.53,70.8381759401,280.0,65.5684041736,300.0,78.6631179209,420.0,78.1499115735,445.45,55.5415698593,260.0,78.6348349762,420.0,74.6330583563,300.0,85.770720036,400.0,88.6942755983,480.0,92.2704037868,615.0,92.7047311592,750.0,83.0440186079,390.0,92.379824762,650.0,72.104569475,337.0,86.1420393733,500.0,89.149720674,600.0,94.1670366931,800.0,95.7611642685,950.0,82.6855467232,450.0,94.7570925747,820.0,68.3203023606,380.0,84.9935500792,550.0,87.5085017227,660.0,92.4970952918,900.0,94.6193983218,1000.0,79.5748790702,500.0,93.482219216,960.0,50.5085248711,392.0,61.8777157974,520.0,66.6190736737,600.0,73.534719319,958.96,80.0173227643,1000.0,57.1063218253,480.0,76.3303107928,999.18,10.1750476817,261.17,15.0621587992,400.0,17.8773542451,500.0,24.3292668317,700.0,30.4967578451,1053.11,12.3806019277,320.0,26.8627182156,900.0,45.8295353453,303.0,71.9539978356,440.0,75.8906805696,502.04,83.5762890375,700.0,84.7997012763,905.0,61.8548286678,400.0,84.0119702929,788.0,71.8925929831,324.0,85.7201482137,470.0,88.6147864479,553.0,93.0462511444,730.0,94.6253005519,900.0,82.0492190645,428.0,93.6078276181,800.0,30.3734051688,200.0,59.2934985559,244.49,65.1390301954,270.0,82.7293125754,396.0,77.5677223554,400.0,44.5466233261,240.0,82.4388625977,397.14,37.7582175471,230.0,66.0561077123,312.0,73.1233110436,382.0,81.2603931586,500.0,86.4663399325,604.42,59.3951039798,300.0,82.3424042588,525.0,48.383730398,240.22,71.0149554299,350.0,76.1879565366,425.0,78.5888386555,581.33,85.3941572951,700.0,65.8586558907,320.96,80.8972053494,615.0,45.2640103946,251.11,68.0337253284,360.0,76.0450280143,450.0,78.867838202,590.0,88.9828183364,718.02,61.8416500715,340.0,82.8104963243,640.0,29.4697246872,250.0,45.8457284767,350.0,52.6494506733,423.0,53.4334993115,550.0,66.7087116546,726.89,40.104786302,320.0,58.0751383045,632.0,4.57209553157,250.0,8.41997149627,317.45,11.4121405569,357.1,11.9706910343,500.0,17.5849292169,539.87,6.49625379844,276.2,13.6618635218,500.0,26.3403569592,238.0,53.5996478546,320.0,64.367496387,392.0,71.5004256054,513.0,77.4852602109,692.0,43.7796107025,300.0,73.2271020578,576.0,43.5387475588,240.0,68.3266434188,336.0,74.9203279266,400.0,79.8091057405,548.0,86.7084336015,700.0,62.3006391843,320.0,81.8761628258,600.0
1993-01-01,42.5153198182,229.56,71.0411586942,280.0,65.981455956,300.0,80.6839060491,440.0,71.3635152519,500.0,55.8300265837,260.0,80.0621269401,442.0,74.8047336339,300.0,85.8586289648,420.0,89.2297642388,490.0,93.0469876903,646.18,92.310190668,769.0,83.1079738894,400.0,92.8639631427,675.0,73.3984453655,350.0,86.3792156727,500.0,88.9887279088,600.0,94.486293762,800.0,95.8853160445,961.0,83.2413801943,470.42,94.9927841294,850.0,67.3153655949,399.69,84.4951585095,560.0,87.2641863595,680.0,91.9028530366,875.0,95.0325455195,1000.0,79.4179426282,500.0,93.3290257374,960.0,51.7365867037,400.0,61.8833280654,525.0,65.9955278771,600.0,72.5294903186,950.0,77.9470344988,1000.0,57.7718794104,490.0,74.906440302,1000.0,9.35421534073,282.61,14.1775123672,459.88,19.02298158,500.0,23.682526849,700.0,27.8032222985,1000.0,11.6022706846,345.82,25.4207786285,900.0,45.8714912252,314.0,71.6468981398,450.0,76.2538870385,520.0,83.7572800884,750.0,83.6844322071,950.0,61.8687910807,400.0,83.7313707675,800.0,72.1763877018,327.0,85.7110714376,480.0,88.6750466581,575.0,93.3305205784,750.0,94.7389911233,925.0,82.2152631553,440.0,93.824446351,800.0,31.2371665018,200.0,58.4220223923,250.0,66.153993827,280.0,83.7861899732,400.0,81.8503827479,499.88,44.6166811758,240.0,83.6568215049,400.0,38.1075809116,238.93,65.5341647192,320.0,73.096862069,400.0,81.1212508279,520.0,84.604528868,615.0,58.9634663922,300.0,81.8244206151,550.0,46.6831912291,250.0,70.9040464259,350.0,76.4705212901,450.0,78.4474310737,600.0,85.9029540671,750.0,65.5465365619,334.0,80.9598781004,650.0,44.0390658384,265.0,68.730733202,369.16,75.2489892982,461.0,80.6723123243,600.0,88.5445137506,750.0,62.398758088,350.0,83.73374365,673.0,28.2401828606,260.0,45.9538668213,360.0,54.0235899026,440.0,56.774156207,577.0,67.6000822335,750.0,39.8457643628,338.0,60.620533572,650.02,4.88977525403,250.0,8.32904547219,306.01,11.0942731988,367.12,10.8912805407,498.63,14.9685756986,790.03,6.65870435733,280.0,12.1011832855,603.14,26.1301691872,244.3,53.1040510894,328.0,64.7680455753,400.0,71.9545315679,548.0,77.2446489288,700.0,43.5380525182,314.0,73.4801053233,600.0,42.7186237955,250.0,68.3420962567,350.0,74.8625025781,425.0,80.0447161332,570.0,86.3919065908,700.0,62.2438169573,325.0,81.9416275903,600.0
1994-01-01,43.4109145898,240.0,71.5537957646,282.01,68.4468168221,300.0,80.6828941329,461.0,77.0565977633,528.4,56.099004266,270.0,80.525548313,461.53,74.2389492493,300.0,86.3005519178,418.0,89.5547091149,480.76,92.6703547258,650.0,92.8876049682,769.0,83.1863045632,400.0,92.7222548137,673.07,72.9046121798,350.0,86.203563305,520.0,90.2163890432,619.51,94.6991738841,826.0,95.6545734125,1000.0,83.0439044491,480.0,95.0344115825,890.26,65.8081677584,370.0,84.0290303207,576.0,87.9858578828,673.05,92.5127548969,923.0,95.9877078364,1057.3,78.634173665,520.0,94.0152599392,961.53,48.7972264284,403.9,62.0301779184,531.65,66.9784474034,680.0,71.3972755778,923.07,77.3132344547,1041.66,56.8491930464,480.76,74.0085815363,969.23,9.35857054749,280.0,15.2673889592,379.52,19.6101949989,500.0,24.2998941298,752.85,32.0119866493,1153.0,12.1441610495,324.0,27.6374310611,885.57,45.6820421787,320.0,71.8062557994,450.0,77.1639883451,538.46,83.8440210296,750.0,83.8236654358,961.53,61.8253609463,410.0,83.836962555,807.69,71.3794886155,325.0,85.7163200415,481.0,89.4186010059,576.92,93.4012995764,769.23,95.1454927618,961.53,81.980365573,448.0,93.9912548215,826.92,34.2060957768,200.0,58.8468492921,249.6,66.9005964798,280.0,82.9418115754,400.0,76.8854295146,461.15,45.7129228169,240.0,82.6722366911,400.0,37.0225925746,238.36,65.8619346596,320.0,74.7295488753,384.61,81.8297943688,538.46,86.0531564136,673.07,58.8766430548,307.69,82.667453538,570.0,47.2375940239,254.06,72.2204775427,360.0,76.9521854342,448.0,79.0919150844,615.38,85.9397952365,788.34,66.6147419473,346.0,81.344104004,680.0,44.7528191672,270.0,70.0554804942,375.0,77.4313770582,464.44,80.6483497129,646.15,88.8776685472,807.69,63.4042956017,351.2,83.8732307304,730.76,28.9818035931,271.13,47.6492049731,360.0,55.3004361122,441.61,57.7846894239,641.81,66.8345089506,796.11,41.2194572045,338.04,61.1085071094,692.3,5.07611043801,256.77,9.4986439398,330.0,12.1751686963,404.55,11.0485721554,441.19,18.8564673422,661.03,7.39718903502,304.26,13.4518859457,525.0,27.324137221,244.0,53.8459954334,335.0,65.735417821,400.0,72.3495826222,559.87,77.3895684821,769.0,44.3213877073,320.0,73.7970180231,615.38,42.8131183148,250.0,69.3449885647,350.0,76.2207085173,424.43,80.570728881,576.92,86.926576827,769.23,62.9249217826,330.0,82.4549828636,644.0
1995-01-01,43.9555879902,240.0,72.6823953291,300.0,70.0174240339,320.0,81.5802047559,464.0,70.0197955555,461.04,56.386560851,280.0,81.0978585427,464.0,75.3497493421,304.34,87.380672848,440.0,90.0273837941,499.57,92.5581968991,653.84,93.548727899,807.69,84.4250813361,400.0,92.7943155297,692.0,71.3916620897,360.0,86.8418387693,531.0,90.5333501117,650.0,95.1557647315,865.38,95.5596970129,1057.26,83.117167565,500.0,95.3008542895,923.07,66.4764246033,380.0,83.6785765587,597.52,87.4296901343,680.0,92.8421738471,928.96,94.9682336577,1096.44,78.5589692963,525.0,93.768079882,1000.0,48.1998979267,400.0,62.8150916377,564.0,67.0331087859,673.07,73.1634854661,903.11,77.956113805,1153.84,57.1239909887,500.0,75.3425658451,996.0,9.96510180695,244.29,15.1751428183,396.11,18.7807834447,500.0,23.7794639894,835.1,29.2353279066,1127.36,12.4345612687,318.4,26.1173687988,961.42,45.7694810283,320.0,72.3765247299,472.5,77.3005159077,553.2,84.0622603293,769.23,83.4216299207,1000.0,62.1491361461,425.0,83.8359116448,846.15,71.3652983529,338.49,86.2854734522,500.0,89.5438882946,596.15,93.5664639704,779.12,94.8734925651,1000.0,82.447796331,465.5,94.014491228,861.37,34.5752819142,203.89,59.2446010849,255.5,67.8345326126,280.0,80.6247125972,409.0,71.1844019726,504.3,45.4827540164,240.0,80.185051399,420.0,40.1133279792,240.0,67.0047671433,332.5,74.5816588358,390.71,82.4293080247,548.07,85.2397502164,669.96,60.6556703154,320.0,83.0010157772,576.92,48.7644070721,254.14,71.6737880838,360.0,78.4049355867,460.0,78.7208973726,646.15,86.1874091935,800.0,66.5584655863,340.0,81.1541130716,692.3,45.2727021904,275.31,70.5550400613,378.4,77.0045509337,470.39,79.7260627698,650.0,87.9883157317,836.0,63.862309434,360.0,82.9371600638,730.76,30.598382665,280.0,47.0586590361,363.84,56.0479584925,450.0,57.5085255418,666.67,69.019537781,803.96,41.5281415172,342.42,61.9503860907,729.63,4.74713151405,250.0,8.92075741917,354.46,12.2739104648,400.0,11.5277828514,471.29,17.2924276206,752.0,6.93957284464,309.93,13.3251889995,588.6,28.1079360866,245.0,53.8414454473,343.2,65.8710302643,400.0,72.3067860758,576.92,77.2333666796,769.23,44.5230928181,320.0,73.7410875255,634.61,44.7125015847,250.8,69.7474104307,360.0,76.6300019818,430.0,80.4892725727,596.15,86.5552766129,769.23,63.7423291869,336.0,82.2912037821,650.0
1996-01-01,42.2984043769,250.0,72.117653764,300.0,68.7566576694,320.0,79.0586841487,480.0,90.4428808014,587.32,54.9323692573,280.0,79.54389678,480.0,77.93827344,320.0,87.6570862985,440.0,90.1114987505,500.0,93.2370933313,673.07,93.4725911482,819.92,85.1696743731,400.0,93.293149605,692.3,74.5432552723,370.0,86.8741351393,550.0,90.5003680068,650.0,94.6491581481,905.54,95.6397030756,1067.37,83.8812415769,500.0,94.9980435501,961.53,68.861346684,380.57,83.3407932704,591.6,87.9200797586,700.0,92.5194722893,923.07,94.833915244,1153.0,79.2608477768,538.46,93.5016950902,1000.0,49.8183226429,400.0,64.0913832796,576.0,68.0133840878,673.07,73.0251825418,946.0,79.1504679397,1153.0,58.5395057926,520.0,75.7301681157,1000.0,10.1137661266,269.78,15.3167442336,386.85,18.9528878219,553.33,22.7397420606,918.95,28.1792650008,1057.69,12.6212974398,321.5,25.0355534737,973.64,46.7261127949,325.0,72.5077501622,480.0,77.2567569348,560.0,83.1957370668,788.0,82.8936741182,1050.0,62.6089279215,437.02,83.0903828619,865.38,74.1694139659,350.0,86.2821788209,500.0,89.674795178,600.0,93.5336843524,805.91,94.8246473203,1038.46,83.1632367032,474.91,93.9703508036,876.92,35.1309939018,209.0,60.9302661861,260.0,66.8735691886,282.66,83.5988461552,404.04,71.2085017984,477.26,46.2753201624,246.0,83.1207489387,405.0,41.30655838,248.39,66.8363293983,338.5,75.8124273265,400.0,82.138351378,560.0,86.4513471211,673.07,60.3945914045,320.0,83.0430922872,576.92,48.5755348205,267.88,73.2106527553,374.79,77.7601145707,461.53,79.1624474398,672.63,86.6941271915,807.79,67.5698253551,350.0,81.4337013116,715.11,44.5456711597,276.07,71.2481795327,392.8,78.3990527165,480.0,80.3996114374,650.8,88.515447007,865.38,64.4101603185,360.0,83.5481399394,750.0,29.8881809213,280.0,47.952316465,375.5,56.4675752246,464.0,57.4182452779,692.0,67.8377413903,865.38,41.8456376265,350.64,61.0825543828,738.15,4.480540216,252.03,8.3283578279,340.0,11.9645878382,413.61,10.8672003336,464.78,16.9874729752,776.81,6.51774527416,286.0,12.668680754,500.0,28.3389225937,253.8,54.3262625655,350.0,65.9935238903,416.0,72.5189711259,581.11,78.109322297,800.0,44.8103830864,328.0,74.1002288346,650.0,44.8194771883,261.59,70.5338492389,360.0,77.2227441663,442.3,80.6427519359,605.76,87.2729463609,798.3,64.2362786301,346.0,82.5740933163,673.0
1997-01-01,43.2214868166,266.0,72.0807290495,320.0,68.0296143305,330.0,81.7938594594,500.0,77.3353067736,620.87,55.4570979668,300.0,81.5801000863,519.23,78.5097404149,320.14,88.0408938734,457.53,90.2174715451,520.0,93.7642698051,692.3,93.0051431971,807.69,85.5892596278,416.67,93.5850127203,730.0,75.9957103575,369.23,87.4695521026,560.0,91.0294701882,673.07,94.7410018249,923.07,96.6881972157,1153.84,84.687412634,507.69,95.3961144758,969.0,69.8365490325,400.0,84.2490829476,600.0,87.8325246387,700.0,93.4010583186,961.0,95.0053231258,1150.47,80.1617035897,543.8,94.0808347745,1000.0,50.4943368467,422.58,64.945875933,600.0,68.0745779868,700.0,74.4436486859,969.74,77.3921322078,1173.06,59.6887895089,538.46,75.7608597387,1066.17,10.5284653917,280.0,15.4034787981,392.86,18.2901533669,441.65,21.944356251,951.03,31.8509936619,1179.52,12.9160551302,331.46,26.1731927471,1153.0,47.6862279709,338.0,72.8562357255,490.0,77.2217799623,576.92,83.6772765524,807.69,82.8531050943,1057.69,63.2682012698,444.22,83.3906868013,886.35,75.101641955,360.0,86.8573733621,520.0,89.8505505981,615.38,94.0087164761,826.92,95.1542992894,1038.46,83.8208043533,480.0,94.3893809031,900.0,35.9996270645,220.0,61.9195108447,280.0,67.1283799267,300.0,83.272345708,442.3,70.6995922204,420.91,47.4941786638,260.0,82.7125800811,442.3,44.0994541859,260.0,68.5142844229,346.15,75.4812829459,403.84,82.2043870152,576.92,85.7687996001,692.3,62.4964945519,323.0,82.9561339348,600.0,50.8522086169,274.38,72.8974735102,390.0,78.6254063991,480.76,79.5943867734,673.07,86.0078498014,807.69,67.9588529914,361.54,81.4957699257,721.79,46.7315070371,276.31,71.0525263577,400.0,79.0351648453,498.15,82.1089543723,692.0,88.4802109482,865.38,65.2990755866,381.52,84.5449847429,769.23,29.8869341965,300.0,49.2417902672,384.28,57.1506271449,476.69,59.7729612474,659.15,71.4334415623,884.61,42.857248453,360.0,64.0757869878,769.0,4.8724627824,250.0,8.52091823342,350.0,11.3236700258,424.54,11.5016409177,444.63,15.8644036691,834.1,6.85269075153,300.0,12.8368100922,621.82,29.4714869822,260.0,54.8368182694,360.0,66.2322766283,426.0,73.1528700075,600.0,77.6040647456,800.0,45.8149320346,340.0,74.4240308974,673.0,47.3186105508,267.46,70.9539744653,380.0,77.6391742478,460.0,81.2351275103,625.0,86.8448723569,800.0,65.3986996118,360.0,82.8589076197,680.0
1998-01-01,43.8753637851,280.0,73.1352525357,334.58,68.4598008834,359.67,78.5852116192,575.77,91.162579378,475.03,56.355892904,320.0,79.165006419,560.0,80.0591285393,346.13,87.9675506831,478.23,91.3258385716,554.0,94.1431268114,720.0,93.8525630086,884.41,85.973375227,440.0,94.0732986279,761.53,76.5971200526,400.0,88.1193209244,562.48,91.8334502945,692.3,95.4743255375,961.53,96.1718653826,1153.84,85.3352526618,520.0,95.7052256761,1038.46,70.2088106816,400.0,84.4595189775,614.83,88.1643551388,711.53,92.3727175414,969.23,94.3947374323,1153.84,80.3658374352,560.0,93.2134764458,1057.69,50.4622963161,423.36,64.5999875689,610.92,68.7849729547,720.0,75.1064227969,1038.46,79.3966441919,1200.0,59.6586191714,560.0,77.0756167823,1134.15,10.1906417865,319.95,14.9066235275,419.12,17.3595770404,480.48,21.3473591609,739.95,29.631696511,1057.0,12.5401085243,365.3,24.874650281,961.0,48.1791769573,352.0,72.9280120125,500.0,77.3118541218,600.0,83.7043068594,865.38,82.8371557152,1115.38,63.5866440503,460.8,83.4023171,955.68,75.874111977,370.0,87.137998945,540.0,90.5897366774,640.0,94.1143590497,865.38,94.9157430622,1098.06,84.2397168492,500.0,94.3796141937,960.0,37.5468161742,240.0,62.9232016214,280.0,68.6304905308,320.0,81.408748683,475.0,77.2286700527,576.92,48.7654013869,276.92,81.2034641591,480.0,44.6681831708,265.99,68.0551781783,360.0,77.0680760581,420.0,81.9701460076,596.15,84.8267186074,700.0,62.3456040033,348.56,82.6164019145,615.38,51.0429792229,290.0,72.6508409324,400.0,78.0040204752,499.99,78.5828152543,736.03,84.7892188371,865.38,67.774616377,384.61,80.404066886,769.23,49.3587297522,290.0,70.5341386429,415.38,79.4375403527,508.21,81.4979477256,701.98,88.9503324914,898.53,65.4888760163,400.0,84.414034625,769.27,30.7248655665,300.0,48.6204401337,400.0,57.4124946824,507.69,59.4619226113,692.0,70.7935066906,850.0,43.0628703656,387.13,63.6322494467,761.29,4.81186143214,240.0,8.41787493098,320.0,10.8971994128,366.55,11.6485815414,569.13,18.0651139804,692.98,6.82031822681,301.32,13.7447496833,634.7,30.4976367261,272.0,54.2464973278,380.0,66.7207396408,446.0,72.5699301507,640.0,77.1839699157,826.92,45.9022433173,360.0,73.9288310886,692.3,48.4624420921,280.0,70.5878692293,400.0,78.0896682825,480.0,80.6218871987,665.61,86.3602830943,830.76,65.3817170094,375.0,82.3297688812,705.51
1999-01-01,44.6987934507,280.0,73.6014960371,360.0,67.1778134559,382.81,81.9127830246,523.45,79.1654429192,769.08,57.1251246442,330.0,81.7772722245,529.5,80.6713776384,354.64,88.9937994038,483.77,91.4840854322,560.0,93.4695372518,769.23,93.032743839,961.0,86.8920301111,460.0,93.365121569,807.69,77.2973833245,400.0,88.8770951397,600.0,91.6848160023,711.24,95.1294784834,1019.23,96.0170404323,1192.3,86.1932339229,560.0,95.4244951489,1089.8,69.780577124,405.27,83.5663203378,624.0,87.7735762526,750.0,92.2125706095,1000.0,94.4779951182,1250.0,79.891361111,576.92,93.1422445173,1120.0,50.8942803277,450.0,63.4893358448,613.4,68.6038875744,750.0,75.0542388081,1056.14,78.7016030756,1313.15,59.2034501555,560.0,76.7846013222,1153.84,10.1563064146,342.34,14.9335331071,373.26,18.597766641,477.36,22.9645981216,948.45,27.8449210583,1297.92,12.6222750279,360.0,24.9893822246,1097.7,48.4698266455,360.0,72.8535183068,520.0,76.7706810949,615.38,83.4358847306,913.0,82.1830589192,1153.84,63.8302637429,480.0,82.9977336561,977.0,76.2277743218,388.8,87.5067766526,560.0,90.4080216363,660.0,93.6984271364,923.07,94.7185870509,1153.84,84.7090343437,510.8,94.0349661715,990.0,37.8665027671,245.0,62.1014643167,300.0,68.3450805698,336.0,79.795183737,500.0,66.2452599396,587.26,48.5440527228,281.19,79.2611908446,500.0,45.6926810458,275.0,68.8175571841,374.62,77.1562047561,440.0,81.6411673634,615.38,84.5863453367,764.1,62.9785226039,353.83,82.3364723432,653.84,53.1163365212,281.3,73.2717485458,406.8,78.0455694113,500.0,78.9528181835,750.0,83.2250017267,865.38,68.7528514978,391.2,80.1944415463,769.89,49.9509334234,300.0,71.0115878254,420.02,79.1474812335,530.0,81.9795214573,730.0,89.3814760989,952.38,66.1168427555,400.0,84.8259051046,807.69,31.1447714584,312.13,48.9004207574,432.0,56.7386186458,506.69,59.1059045574,747.1,69.7003339772,961.0,43.6000363507,400.0,63.0169130294,826.33,4.66890736773,250.0,8.74644889396,326.08,11.6403967045,418.0,11.68145087,599.31,17.5078843951,753.53,7.01313908618,312.91,13.5184626007,653.84,31.3507571641,280.0,54.2922153111,392.0,66.5321169568,461.0,72.4029813731,673.0,76.8561591755,865.38,46.3308836886,361.0,73.7158807751,730.76,49.7190419266,280.0,71.2383028118,400.0,78.0676621766,480.76,80.7618304749,692.0,85.9617331039,865.38,66.1734642759,380.77,82.3219295282,748.51
2000-01-01,45.2009905327,302.44,73.2028451103,371.22,69.5619773843,400.0,85.4264955508,585.46,82.6325865065,576.69,57.1854366483,349.16,85.2928308177,580.35,82.9717569538,360.0,88.9355386137,500.0,91.3503916849,600.0,93.7879375712,826.0,94.1720675662,1000.0,87.4050631673,474.5,93.8806736129,865.38,77.5998408357,426.81,87.9155008485,602.15,91.9100102423,745.76,95.3184129224,1057.69,95.7333089358,1250.0,85.5101888151,560.32,95.4555947713,1153.0,69.7027091652,423.07,83.4624801922,640.0,87.4502329207,769.23,92.9618298372,1057.69,94.4942268301,1250.0,79.9563459549,585.0,93.5757125922,1153.0,52.0841878987,420.0,62.3008098847,619.51,67.9277764769,750.0,74.2447848391,1124.78,77.7504580555,1307.69,58.9388892592,576.0,75.9017889258,1176.0,10.402821011,310.0,15.582131841,500.0,19.1527029304,485.61,22.4705883151,961.0,28.0407331735,1153.84,13.1274689421,400.0,24.8666369664,1001.67,49.226076781,370.0,72.3027968244,540.0,77.0639549957,650.0,83.7613993262,961.0,81.5698790423,1211.0,63.8267719673,491.94,82.9965984583,1019.23,77.0959236048,400.0,87.0020922274,576.92,90.2987121856,692.3,94.0774763737,961.53,94.8658595351,1192.3,84.5581105193,525.0,94.3354930193,1038.46,38.2318904824,260.0,63.1324559904,320.0,68.2817377441,350.0,80.5033555013,519.23,74.6854319248,599.66,49.40472129,310.0,80.154787482,525.0,47.3911962783,290.0,69.4715751292,400.0,76.4384714025,461.53,80.7477523452,673.0,84.1280510781,769.23,63.8853090561,370.0,81.5401877737,692.0,53.0730454673,300.0,73.6262027296,426.4,78.794444012,528.0,77.7740248494,769.23,83.9737217806,925.04,68.9436768633,400.0,79.5841777192,807.69,50.860343813,310.48,72.0624880006,440.67,79.4645334524,538.46,80.2849082038,769.23,87.9858715546,961.53,67.2397250309,418.15,83.1198136025,865.0,30.6211630919,325.0,48.4707654858,425.0,56.2174372555,535.0,61.1154634491,750.0,69.612592871,953.43,43.0515402713,400.0,64.4302420118,807.69,5.08151973003,269.86,9.01472263021,370.0,12.3878397838,461.0,12.4477266243,619.31,18.9940309019,800.0,7.37472584172,333.37,14.5590690083,700.0,31.896682866,300.0,54.6216258641,400.0,66.6204129677,480.0,71.7754789347,692.3,76.2397116501,900.0,46.7790428262,380.4,73.0928802965,756.0,50.577006272,300.0,71.9182169922,421.92,78.2327637963,500.0,79.5610074564,711.53,85.5457728688,900.0,66.9001201527,400.0,81.3313105153,769.23
2001-01-01,42.4338956187,320.0,70.3492529478,390.0,66.644728763,420.0,82.2262847265,615.0,75.0339576636,662.4,54.5104862266,360.0,81.9154174809,615.17,79.0040869904,390.0,87.151032626,520.0,90.2602008626,625.0,92.8383414537,865.0,93.4210661294,1000.0,85.0613296549,480.76,92.9813467859,884.61,76.284846357,440.0,86.8614282412,625.0,90.8990409443,760.0,95.037377062,1132.17,95.7864033195,1326.92,84.3957019899,590.0,95.2837177308,1153.84,67.8154716553,430.99,82.4169704026,658.89,87.0081401369,786.0,92.1819020226,1115.38,94.410264763,1269.23,78.7773311671,600.0,93.0503686628,1173.07,49.1814050741,440.0,62.3969048937,650.0,68.1779494256,785.26,74.5866410172,1153.0,79.2531527977,1346.15,58.1711014835,600.0,76.8126334919,1250.0,10.9219673201,347.13,16.5099053363,520.0,18.4071191084,585.86,22.5239177748,888.31,28.0957748459,1343.74,13.954741654,462.45,24.9870024457,1153.44,47.3908758654,400.0,70.8969525456,560.0,76.005860839,680.0,83.2582241587,975.0,81.3506461054,1250.0,62.3822140873,504.8,82.5918208189,1057.69,74.6415552135,402.62,85.6489639825,600.0,89.4200295685,720.0,93.4167287891,1000.0,94.6872744592,1250.0,82.9497921895,553.84,93.8297921249,1076.92,36.4972934869,277.96,61.0616111113,333.0,67.182848026,360.0,80.2515776985,548.61,76.931668967,683.74,47.5934618655,320.0,80.0272960639,553.84,45.0540361847,300.0,68.2201889824,400.0,75.6138164341,480.0,78.9888615527,692.0,82.9678601695,769.23,62.2004410519,384.0,79.9607921565,711.53,52.7149552767,320.0,72.9347035841,444.0,78.7915349182,550.0,76.7251571299,800.0,82.0748000638,961.53,68.3677995644,419.21,78.2394898641,864.0,49.2445421928,320.0,72.0000418823,470.0,77.4691405183,576.0,79.1832800539,792.0,88.0533677514,961.53,66.8401979413,440.0,82.4607195433,865.38,29.750467119,350.0,50.121425841,459.06,58.8105206182,560.0,60.2129908884,800.0,67.7616223889,961.53,44.1292312821,425.0,63.3635101964,881.01,5.18928929727,298.57,8.91614927794,385.0,12.4010270164,400.0,13.1660786172,701.81,19.3470510706,865.38,7.38662465833,342.22,15.2435369727,769.0,31.007622374,310.0,54.0894539808,420.0,66.0780609127,500.0,70.7729103702,730.76,74.9564192345,923.0,46.1679868183,400.0,72.0326295937,769.23,49.187341119,319.67,71.313852292,440.0,77.3715822533,524.8,78.2279508775,750.0,84.6348629865,910.04,66.0949426231,410.0,80.1301837721,799.0
2002-01-01,38.1968989387,330.0,68.8196800289,400.0,65.6188340295,400.0,77.8119937744,615.38,70.052874215,866.94,51.6541914787,370.0,77.4210449234,619.45,79.6038956073,400.0,83.9369304668,548.07,88.1897009866,625.0,92.0143701789,865.38,92.1452338018,1038.46,82.7821280981,500.0,92.0455678451,920.0,74.3345636601,440.0,85.5836776456,640.0,89.7056883214,770.0,93.6130581103,1153.0,94.8218127203,1346.15,82.9339626305,600.0,94.0182404298,1176.92,69.5243232972,429.96,81.9173929552,673.06,85.2156761331,799.35,91.133357519,1153.23,92.974455648,1353.98,78.9275672338,600.0,91.8559938164,1230.0,48.5839689973,462.8,62.829302631,665.0,67.9947765956,825.0,74.5527310923,1100.0,79.5388083716,1346.15,58.3802008026,600.0,76.8672580509,1200.0,10.8443972665,360.0,15.7585816632,500.0,18.5608310286,582.4,23.4424187363,901.0,28.142931718,1308.15,13.5122731307,440.0,25.4941900812,1153.0,46.0514391579,400.0,69.7405197647,576.0,74.3840204556,686.96,81.8299110719,1000.0,80.3620572372,1280.49,61.2050178564,520.0,81.3147257645,1085.49,74.670096347,410.0,83.9654167453,600.0,87.730246753,730.76,92.3050142452,1011.61,93.4766640378,1269.0,81.6706517738,560.0,92.687657136,1100.0,34.2956666399,280.0,59.3246439347,340.0,65.7859087428,370.0,77.7447628545,576.0,74.8140609295,646.83,45.4827887353,324.1,77.5648897773,576.92,44.412085962,308.0,65.3920453804,417.2,74.5967021718,489.5,79.7678751335,701.92,81.003898171,788.08,60.0616996181,400.0,80.076860092,730.0,50.2942141175,320.71,71.5442027557,460.0,76.4324845908,559.73,77.2127495542,807.69,81.9415466869,961.53,66.8472406948,440.0,78.5756352178,865.38,47.017190609,336.13,70.6877711508,480.0,75.6750807675,592.0,79.3693013256,807.69,86.1598128836,1000.0,65.3063383449,450.0,81.7968548894,884.61,31.8101101212,350.0,51.2715066284,480.76,58.6905206663,598.7,61.657501991,776.0,68.6944607717,1000.0,45.8148670819,452.8,64.52912116,890.82,5.14210678834,300.0,9.48100129027,410.0,12.4070306796,455.0,13.2612313287,692.69,18.7252034596,865.06,7.72898534887,364.27,15.0569915686,769.23,29.9836615853,320.0,53.0490508369,440.0,64.7309803718,519.0,70.7422388199,750.0,73.8598176745,925.0,45.207287021,408.0,71.6795001974,800.0,47.3603477733,320.0,69.5359392901,455.0,75.6143634609,540.38,78.739434973,769.23,83.2673102036,923.07,64.376659573,430.0,80.0848958768,807.69
2003-01-01,36.5965166017,330.0,66.6861990821,400.0,64.946300849,400.0,80.0723484834,598.77,67.3007793592,770.09,49.5871876406,375.0,79.4929159188,600.0,79.8054894962,400.0,84.0345520015,544.0,87.4028430793,624.0,90.2558406809,900.0,91.3721008745,1077.09,82.8272069959,500.0,90.5319054002,948.36,75.336824079,420.0,85.2055322445,640.0,88.9190214852,773.76,93.6568494789,1153.84,93.9232253736,1402.4,82.7816116825,600.0,93.7442606719,1250.0,67.6106523979,441.58,80.95102351,680.0,83.784351438,807.69,90.8472028092,1153.84,92.8766420124,1346.15,77.6883223114,623.33,91.6340442403,1250.0,48.8709364425,520.0,62.3149681695,650.0,66.9160493053,820.0,73.1872389233,1153.0,77.4113557735,1375.0,58.1220939473,600.0,75.1074823095,1250.0,11.0990975777,400.0,16.3738108284,500.0,19.7221549469,582.47,22.5404662008,830.0,29.0837033021,1250.0,14.0278447705,461.0,25.4366536942,1100.0,46.4412493813,400.0,69.1264548569,580.0,73.6562608041,692.3,80.9048895576,1019.23,79.2045806106,1335.88,60.8575669681,520.0,80.3089014335,1120.0,74.6996324856,400.0,83.5140249101,610.0,86.6897927959,730.76,91.6247967837,1057.0,92.9009530018,1323.98,81.2379239762,560.0,92.0390863317,1153.0,31.4616856482,284.0,57.5832274893,350.0,64.9962159276,375.0,77.5198185308,565.6,73.1512031545,636.67,42.6703266185,330.75,77.2461826394,576.0,44.0376934149,320.0,64.2770761533,425.0,73.5469863571,501.26,78.7731426626,711.53,79.6605340608,826.92,58.8381394291,400.0,79.0009589134,749.38,49.7395191198,320.0,70.4204505601,472.0,76.1733151906,576.92,75.9576740796,829.07,82.5680030047,961.53,65.7124071929,440.0,77.931754947,865.38,45.6450173412,350.0,71.8977572654,484.37,76.7281922961,595.86,79.4959982855,826.92,86.1963036395,1038.46,66.1013334556,461.53,81.9081587055,923.0,32.2198640498,360.0,51.3593719295,500.0,60.1226617432,600.0,63.6792188238,826.92,72.2686121131,1029.14,46.3091378872,480.0,67.1598556227,923.0,5.09611191067,320.0,10.4486774201,422.09,12.8395337876,466.8,13.7360495716,673.0,19.3363779793,915.07,8.37289669727,400.0,15.6459527167,783.08,29.1394962822,320.0,52.3709228121,449.2,64.4690675848,532.67,70.2646267697,760.0,74.0998574791,961.53,44.4865690317,420.0,71.4453792668,807.69,46.5250517321,321.2,69.1876146051,462.5,75.5306585911,560.0,78.0093135033,769.23,83.1160174322,961.0,63.8052653315,440.0,79.5626092913,826.92
2004-01-01,36.5799154602,320.0,67.1441738357,400.0,63.7952779326,402.5,81.5134308366,600.0,84.2337313193,659.25,49.889216526,380.0,81.6786784073,600.0,80.1130244409,400.0,84.9683220513,550.0,86.9820076476,650.0,91.4531683691,865.38,92.9494548327,1057.69,83.6016851875,500.0,91.837249547,912.16,77.8276946957,450.0,85.5885938846,667.74,89.6007317811,800.0,93.3710471256,1171.78,94.4825701052,1442.3,83.6413158598,600.0,93.7386389877,1269.23,67.1260769914,450.0,81.264145294,694.97,84.7758577054,852.05,90.5559250431,1192.3,93.0752104408,1442.0,77.9240151983,640.0,91.5098842889,1269.0,48.3083979902,481.31,61.8052454737,680.0,66.9338336859,808.56,74.6647950918,1153.0,79.0627066234,1442.3,57.7975881871,625.0,76.6356196868,1250.0,11.7673299725,431.6,16.6206204139,536.57,19.0969035539,673.07,23.0526858728,961.53,28.6600381065,1538.46,14.5649755572,480.0,25.5755991366,1296.4,47.0701383173,400.0,69.1643740014,600.0,73.4798468755,720.0,81.0822681946,1019.0,79.4268589743,1364.0,61.2682844741,540.0,80.4991010992,1150.0,75.510538542,425.69,83.9902742992,630.0,87.1009905492,769.0,91.8245951313,1057.0,93.5418867956,1346.15,81.8185942655,576.92,92.3825966266,1153.0,31.1204972865,290.0,58.0480591472,353.18,63.3256585576,380.0,77.6767106305,560.0,78.7808372889,600.0,42.8221283285,336.0,77.7340507233,565.21,42.3273235578,312.38,64.0048697656,440.0,72.2641964751,509.61,78.846924476,730.0,83.3723424697,865.38,58.0790557832,400.0,80.0607794814,769.0,49.547078873,320.0,70.5601699162,480.76,76.8390495786,600.0,74.7646938884,865.0,80.9833948504,1000.0,65.7326270464,455.0,76.6077208338,920.0,47.4655772604,350.0,70.8467251582,503.96,76.8689050312,605.8,79.3722672556,846.59,85.4806914449,1057.69,65.7297071097,480.0,81.5806437276,938.64,29.8687334017,360.0,51.1809297513,519.0,59.1198467515,596.3,62.3536488153,876.0,72.6819943289,1076.92,45.6373296976,480.76,66.5436952448,961.53,5.17861766224,318.0,10.5787232908,420.0,14.6377669293,508.16,13.308611523,755.51,20.6457794948,1008.17,8.55820721255,400.0,15.840311218,903.16,29.0418929906,320.0,52.0241475553,463.4,63.8639263044,540.8,69.5550784733,769.23,74.3468819781,980.0,44.3097821393,434.0,71.0466931114,847.5,46.433844812,326.0,68.8071871741,480.0,75.4007474439,576.0,77.5600153522,800.0,83.3702599948,961.53,63.4626033937,450.0,79.3499093161,865.0
2005-01-01,35.8593984489,340.0,66.4134379592,400.0,64.7739110014,430.0,80.3427811455,640.0,80.0095064612,741.56,49.11159477,385.0,80.3245144478,640.0,80.6358996551,400.0,85.4361374104,560.0,88.7653641205,646.0,91.2618055035,900.0,91.9162051706,1057.0,84.0926013847,500.0,91.4322168213,941.19,79.2827361835,464.19,85.5970292193,673.07,90.3423024658,809.74,94.0276894314,1221.21,95.4800291774,1500.0,84.0298341176,620.0,94.5168077427,1346.0,67.3115943156,480.0,82.3742959862,718.41,85.8503741372,840.0,90.9307066429,1249.9,93.1929785263,1500.0,78.8525562611,652.95,91.785270131,1346.15,48.3250228403,480.0,61.6675582388,690.94,69.1777371205,845.81,76.7562905776,1160.0,79.4680068245,1413.94,57.6537883086,630.0,77.9608092422,1300.0,11.6769392835,384.61,16.8545265583,542.38,20.505540164,710.72,25.1716290691,1004.18,30.6769248203,1634.0,14.6861483108,456.7,27.6424314204,1269.02,47.1334734246,418.0,69.4349697757,600.0,74.486417273,720.0,81.4609503434,1057.0,79.7384004794,1384.61,61.5076030206,552.05,80.8500000179,1153.84,76.1237057801,440.0,84.4564410682,640.0,88.3122237271,769.0,92.113107368,1076.0,93.709554208,1384.0,82.3430355451,600.0,92.6363795368,1153.84,30.8863800647,300.0,57.0320873663,360.0,64.9076367829,391.83,80.2052569668,564.24,74.7561251572,657.75,42.2816756295,340.0,79.8672671383,575.0,42.2123267632,340.0,62.9880475655,442.7,74.1943233821,515.83,80.0649799759,730.0,82.2267078565,865.0,57.1506674848,412.69,80.6611507211,769.23,51.114949051,340.0,70.4016938062,495.88,75.7704086576,600.0,75.9927992689,884.0,81.6427704607,1057.69,65.9252047932,461.0,77.7841159696,961.0,47.06798959,346.15,69.6511059884,514.27,76.5308520823,615.38,80.6158514734,888.0,86.8619164072,1100.0,64.5658763191,480.0,82.7958095599,961.53,31.271482706,360.0,50.9491042352,520.0,61.0050120279,634.0,62.7208993553,846.15,71.5606576237,1076.92,45.9564954718,480.9,66.3762908757,961.0,5.44788578577,360.0,10.7804404969,456.77,14.3204814566,545.09,14.9803373038,809.95,21.2143841687,1056.4,8.77642933137,420.0,17.0808948168,960.0,29.3862710864,337.7,51.5205977724,475.0,64.2732341711,553.84,70.3875654573,786.99,74.3176293992,1000.0,44.0578380164,440.0,71.6349636293,865.38,46.752174867,340.0,68.0535468181,480.49,75.5402045319,576.92,78.818389069,807.69,83.6651338874,1000.0,62.8572981991,454.0,80.3379107122,880.0
2006-01-01,36.5412019021,360.0,67.647214936,407.69,65.787692394,440.0,80.9377234271,653.11,65.9213308871,1019.12,50.1700862689,400.0,80.3027469207,653.84,82.0563795591,404.19,85.0425885237,576.92,88.0958877542,673.07,92.3081837276,923.0,92.4865611537,1139.81,84.2121191006,520.0,92.354213297,961.53,79.2953352576,480.0,86.387447826,690.0,90.145521028,840.0,93.918045119,1228.21,96.3162593033,1500.0,84.6202822124,634.61,94.7296049585,1346.0,70.5023901918,480.0,82.2261551471,747.0,86.3297082479,880.0,92.0160771052,1342.43,94.4716254926,1538.46,79.4773815581,680.0,92.9475514977,1400.0,51.2811787984,500.0,61.5866306792,735.0,68.5922794891,880.0,76.8029206343,1211.22,78.6431018469,1500.0,58.728614387,673.07,77.6096133667,1346.15,11.8949392598,432.24,18.1869619682,585.0,20.5399620658,690.0,25.0157080182,1038.17,31.4587836066,1442.3,15.710655695,531.14,27.9737320424,1242.84,48.6257651011,430.0,69.4833987275,618.98,74.328328791,750.0,81.8572503822,1096.04,79.8436589888,1442.0,62.231093204,560.0,81.1402223912,1192.3,77.5491219771,450.0,84.5424953393,665.09,88.1701253069,800.0,92.764489196,1134.0,94.6622957925,1434.52,82.7693487355,600.0,93.3880880007,1200.0,30.6917875047,300.0,56.7722300433,360.0,64.4981414663,400.0,79.5288747381,600.0,68.6218594979,639.08,41.8987412206,350.0,78.8510673778,600.0,43.8986035202,320.0,64.5469368153,454.36,73.5787550716,525.0,80.3864460423,750.0,85.037900936,900.0,58.924571966,420.0,81.6783658419,800.0,49.6678543263,360.0,70.0453712284,500.0,76.388917688,623.0,77.0852076239,923.07,82.1488311973,1050.0,65.330827219,480.0,78.6819713849,961.53,46.831785382,360.0,70.063391113,520.0,77.2031497674,640.0,80.4895864079,923.07,86.5388402918,1134.52,64.8310390921,495.0,82.5428103188,1000.0,33.9562215309,400.0,51.8615322955,538.0,61.3533440947,650.0,65.5266523547,904.73,70.6834807574,1134.0,47.4843844024,500.0,67.6466367985,1000.0,5.58791439233,360.0,10.9193071295,459.09,14.0540647627,567.6,15.6068016492,760.0,20.4985421799,1153.0,8.97582086678,439.52,17.3102170141,851.26,29.7416399678,344.0,51.7290007484,480.0,64.2276555186,576.0,70.8491434153,807.69,73.9642235702,1032.0,44.3925469921,450.0,71.8358482907,890.0,46.8035424724,350.0,68.5258934158,494.0,75.7851911244,596.15,79.270419073,846.15,84.5346204193,1015.38,63.2918689269,470.0,80.9054073289,912.0
2007-01-01,34.1081865842,375.0,66.7923021668,437.2,62.5966356648,470.0,80.4589373152,692.3,70.0185667836,710.25,48.624441991,400.43,79.7682392882,692.3,81.0942589227,420.0,85.4956638322,587.79,88.7217243203,680.0,93.0651562201,961.0,92.4785853573,1153.0,84.2709375295,520.0,92.9140423119,965.32,79.4031761329,480.0,86.2437507716,702.39,90.675669032,865.38,94.378813798,1269.23,95.5266151268,1538.46,84.4978164853,640.0,94.7685541243,1384.0,69.9609543765,500.62,82.7726274654,745.0,86.8164459389,884.61,92.0366254809,1346.0,94.30755014,1538.46,79.8330033427,680.0,92.8732071302,1400.0,49.6045189652,520.0,61.4106536633,767.02,67.2975862209,884.61,76.4753040504,1250.0,80.3078782313,1538.0,58.2293738725,680.0,78.0791491518,1384.61,11.9781540717,458.16,18.1222550395,576.92,20.1116547268,800.0,24.3009923281,961.53,32.3068832408,1538.46,15.8121363225,550.47,28.0418910587,1307.62,47.7747002499,444.4,69.2470912981,630.0,73.3415568092,769.0,81.9187446911,1152.0,79.7003054977,1442.3,61.8838196053,580.0,81.138283032,1250.0,77.074040678,471.97,84.7831458229,673.07,88.694645445,800.0,93.1861692374,1153.84,94.3142584046,1442.0,82.8266045272,600.0,93.5522710828,1250.0,29.3740925654,320.0,56.29803658,360.0,63.9066672753,400.0,78.5549321833,600.0,81.8750016354,739.76,41.1938430007,360.0,78.7668779524,612.15,43.0052178829,350.0,64.3759477884,460.0,74.0198132062,526.4,80.4285796455,769.23,85.6477236794,929.16,58.6590094013,432.0,81.8903309104,807.0,49.2020218029,360.0,69.4138169808,520.0,77.0474129051,620.0,76.2145283393,944.84,82.4728950677,1115.19,64.5227276582,480.0,78.1777593682,1000.0,47.6153933559,380.0,70.0262189903,548.0,76.6786167574,667.04,80.6690210452,961.0,85.2515630317,1153.84,65.3264421998,510.4,82.1773388347,1038.0,31.5529255082,398.04,52.7841373998,539.68,60.5711569746,673.07,64.508770407,961.0,70.3714966589,1153.84,47.852752292,515.78,66.8950002,1057.0,5.72734898403,357.86,11.9784276215,491.6,14.7323330114,587.56,15.948757996,784.34,23.6540119131,984.15,9.87937614928,475.0,18.6197073122,840.0,29.3535387365,360.0,51.4315160104,486.0,63.8324790105,576.92,70.555540564,840.0,74.3056544775,1057.69,44.3155849422,464.95,71.7348924103,923.07,46.6380173584,360.0,68.2410995483,505.0,75.9574462456,600.0,79.0456584049,865.38,84.3814119697,1057.69,63.1145096995,480.0,80.686789544,923.07
2008-01-01,30.1252672298,385.0,63.1718264646,444.19,62.5548114152,466.19,78.4489810228,684.62,66.9631590402,795.78,45.1777444532,424.72,77.757108172,692.0,78.4780533469,445.38,82.7549274808,600.0,86.6885944348,703.0,91.7435180576,961.53,91.3728104639,1153.84,81.5998032647,560.0,91.6478188322,1000.0,77.9687411261,516.07,84.4520035505,730.76,88.8000078002,884.0,93.2519435691,1346.15,95.0002314985,1545.38,82.7959014117,676.0,93.8582487765,1442.0,67.7644436826,520.0,81.0668910451,769.23,85.5669590682,920.0,92.2368520338,1384.0,93.8935266131,1683.92,78.0366358225,720.0,92.8258374363,1500.0,50.3805927552,520.0,62.7215023087,760.0,67.8388219594,923.04,75.272651717,1291.63,80.5744018132,1538.46,59.4239786548,692.0,77.4955652534,1403.84,12.1160750134,480.0,17.887714486,640.0,21.49338671,773.16,25.9563871184,1038.49,32.5482199038,1634.61,15.745454973,560.0,28.9463736813,1323.39,45.5867263455,480.0,67.4781934163,660.0,72.3205224453,776.59,80.71923381,1153.84,79.0764439912,1538.0,60.0925333051,600.0,80.1457639267,1269.23,74.8837724359,480.0,82.6878905677,700.0,86.9868169075,807.69,92.4098417196,1200.0,93.6788967086,1500.0,80.7330870565,640.0,92.8185791294,1298.07,26.7025060531,320.0,53.4426246157,384.0,63.3052520246,420.0,77.8880595678,653.84,77.5736917911,730.76,38.3158636636,361.27,77.8645715152,660.0,41.4019621327,360.0,62.6893653871,480.0,74.1908549512,560.0,81.1668657335,784.61,84.0800031776,961.53,57.0729765391,451.6,82.0086578639,846.4,50.4118739232,380.0,68.5374024143,520.0,76.4589527706,641.13,76.3604356605,961.53,84.2227532979,1153.84,64.1611937745,489.11,78.9224609641,1038.0,43.984976252,380.0,69.89746715,550.23,76.5141922978,685.0,79.6661213629,961.53,86.1955469251,1202.4,64.3839885575,520.0,81.8061506139,1038.46,32.5755977126,403.84,52.4807349281,560.0,60.5557579065,692.3,65.1999151724,960.0,70.9896275302,1173.07,47.7682043239,538.0,67.5510593596,1019.0,6.1043686857,360.0,11.7175762411,494.57,15.7845502218,584.09,17.9896734589,769.16,22.9049011327,982.16,9.85535287316,480.0,19.7602701716,840.0,28.151884478,360.0,50.3034385045,500.0,63.45084018,600.0,70.6617492259,865.38,74.229797412,1120.24,43.1498122694,480.0,71.8066775933,961.0,45.2652981128,370.0,67.4112196379,520.0,75.7660804445,625.0,79.0742568433,876.92,84.8299722307,1120.0,62.1601330712,486.28,80.8812709831,961.53
2009-01-01,25.4635782696,369.8,54.7682399529,440.0,57.5650225114,460.0,74.7495197844,750.0,76.3891898555,844.19,38.8645556709,420.0,74.8694529762,759.63,70.8800663425,450.0,75.3436554504,600.0,81.6839975171,692.4,88.8638743461,961.53,89.6299759508,1153.84,74.1561459845,560.0,89.0623600771,1006.73,72.5455872064,520.0,79.4412224061,721.87,84.2686948934,880.93,90.8507464654,1371.12,94.0296512493,1634.0,77.7216500016,673.07,91.9215812913,1442.3,62.8381511347,539.84,76.3522951661,800.0,80.9270535227,961.0,89.3636592854,1412.68,91.838867,1730.76,73.2992182473,740.17,90.2845778324,1511.27,47.0887275538,525.78,59.0014255632,780.0,65.332104629,923.07,73.0524846206,1300.0,79.8588197527,1600.0,55.8964039011,720.0,75.9071636608,1442.0,11.7315622473,490.23,17.1158809484,640.0,21.4066071382,750.0,25.9227768603,1058.8,33.8632278234,1730.76,15.1078133424,584.83,29.5234584483,1384.37,41.1714502685,480.0,62.4287865245,673.07,68.2622811481,800.0,77.7483871752,1169.28,77.6756871718,1538.46,55.3420998576,600.0,77.7227741923,1307.0,68.7630932787,490.0,77.0056477766,700.0,82.2503433799,830.0,89.6922578226,1201.14,92.0652667006,1538.0,74.9750360954,646.0,90.4623892442,1326.92,22.5500862211,320.0,48.6310464859,390.0,60.5394763396,420.0,76.7178178536,634.61,71.429635907,769.38,34.2141997199,374.23,76.335757807,644.26,39.2907730176,360.0,59.8150525682,480.0,70.2416808288,560.0,80.1515982817,800.0,83.5939345768,980.0,54.3720262514,456.62,81.1585090395,860.0,46.1389090739,380.0,66.1069910841,550.0,74.2382883957,650.0,74.6458785732,961.53,82.2092913038,1216.15,61.2078236872,520.0,77.2282818368,1057.69,44.6714761467,400.0,67.334188252,560.0,74.7015833554,680.0,78.6192131407,961.53,84.8193678569,1250.0,62.329212304,540.0,80.5887566324,1057.69,32.3187554058,400.0,52.067092754,579.55,58.502981973,692.3,65.5573831857,966.0,69.5487636074,1246.06,47.5253068634,557.69,67.1585786502,1070.94,6.00506759429,386.04,11.3037999157,523.64,15.638539231,607.52,18.6690132009,878.36,24.3569161086,1115.38,9.53977879899,500.0,20.7857679333,961.53,26.2091846276,380.0,48.2250311548,520.0,61.0571784317,600.0,69.4057049779,865.38,72.3830317989,1153.84,41.1519211506,500.0,70.3716686683,961.53,43.4448979055,384.8,64.8286052251,538.46,73.1213466759,621.25,77.8740408643,892.94,83.4857743059,1153.0,59.6615208704,510.0,79.6531718449,961.53
2010-01-01,23.2583629896,372.73,52.8981035236,420.65,56.1766207472,458.66,72.6968708762,720.13,75.3299713527,769.23,36.9245949664,400.0,72.8964876899,724.61,70.3841055973,400.35,74.7326952009,580.0,80.0110449735,683.78,88.070980844,961.53,90.6298908985,1198.18,73.6076847112,540.0,88.7401293985,1038.46,72.4882076638,500.0,78.938022788,720.0,84.0028224429,890.0,91.146073889,1346.15,94.1274042868,1692.19,77.3179704407,654.18,92.1418010166,1442.3,61.3481742064,520.0,75.1912453424,770.0,80.5404258855,950.0,88.8160452929,1442.0,92.3330098973,1807.69,72.0351930232,720.0,90.1248521434,1538.46,45.9146121753,545.33,58.1894321192,769.23,64.6894379319,960.0,72.780823944,1346.15,79.753150363,1538.46,55.1681419301,720.0,75.6754684536,1442.3,10.6269829832,440.0,17.5410432302,700.0,21.3644198093,795.24,26.2830072411,1000.0,33.6389161474,1538.46,15.0705634414,600.0,29.6809918826,1375.0,39.8777552648,460.0,61.3699280845,666.54,67.1570934363,800.0,77.3078786718,1153.84,77.406168983,1538.46,54.3227345483,600.0,77.342544163,1312.0,68.0132253287,480.0,76.2009337988,691.33,81.4235693045,826.92,89.3355533906,1200.0,92.5206826671,1538.46,74.1929696553,632.0,90.3659433109,1338.25,20.5202579812,340.0,47.0330158249,380.0,57.4058575006,408.38,76.7060246847,615.38,74.0602814253,673.07,32.4385737212,364.43,76.5162652152,615.38,40.3736759884,360.0,59.3997809521,480.0,68.5521950701,566.4,78.3709108588,807.0,82.5219643888,1000.0,54.411183666,461.53,79.5906488751,865.38,44.3200148119,384.54,64.4534892179,534.74,72.1006541801,660.0,75.9348984486,961.53,80.8048311449,1250.0,59.3673344619,500.0,77.6261831819,1057.69,43.795831668,400.0,66.4349298565,573.6,74.0270539014,692.0,76.5261337462,1000.0,84.6092919862,1250.0,61.593028315,540.0,79.1791159299,1100.0,33.5160812724,440.0,52.1561677267,589.67,58.9978819587,712.5,64.7985631476,1000.0,69.9336763008,1250.0,48.0349702729,570.0,66.8621240381,1120.0,5.6043366143,400.0,11.4819615979,500.0,16.3167588985,615.38,17.1539598235,932.0,24.6689581951,1153.0,9.57207648207,480.0,19.9469748553,1000.0,25.3122693509,380.0,47.3289358156,520.0,59.7395246168,606.0,68.2092827936,884.0,71.7628465257,1153.84,40.3356522449,496.0,69.3774635783,961.53,42.879453342,385.0,63.8195392671,532.82,71.6242653401,634.61,77.0109809967,903.84,82.5869538175,1153.84,58.7877625601,500.0,78.8091716081,980.76
2011-01-01,23.0663820081,380.0,53.9289220606,440.0,57.8342779216,457.39,73.8870031888,692.3,62.1650484504,923.05,37.6616052578,413.15,73.2229188597,698.68,71.3309616128,423.03,75.5613625037,600.0,80.8916449777,680.0,88.5037797549,1000.0,91.5228221528,1153.84,74.4897863675,556.11,89.2838869233,1045.71,74.6840862258,480.0,79.3695253757,722.34,84.793564218,883.91,91.5592243987,1346.0,93.083318158,1653.84,78.181159251,670.0,92.0914523275,1442.3,62.3299150729,539.55,75.1471978634,800.0,79.9500292324,960.0,89.2322193871,1423.0,92.6453161955,1750.0,72.2804719231,731.96,90.4817566486,1538.46,45.0015720318,539.86,58.5748071713,800.0,63.8187123172,961.53,72.8658815304,1346.15,80.7592963522,1730.76,55.3133787168,736.12,76.1309267178,1500.0,11.9517504203,484.46,18.0413572595,700.0,21.1344396732,846.11,26.671831761,1057.69,35.0135435125,1730.0,15.9567017933,640.0,30.612468491,1389.88,40.3155889801,468.0,61.346708443,673.07,66.9464956156,800.0,77.5338139613,1192.0,77.3327685054,1557.69,54.5803128214,610.0,77.4622489644,1320.0,69.3740006875,480.0,76.5433919668,700.0,81.7824234805,810.23,89.7358648863,1200.0,92.5183923812,1538.46,74.8039599327,640.0,90.6423545677,1320.0,20.4563759316,359.76,47.0677155117,380.0,56.564339708,400.0,76.1907605578,616.0,75.9317494753,749.89,32.4600454727,370.0,76.1710453096,634.09,37.7826837764,378.0,58.3169291847,484.0,67.7955189516,569.01,77.6982982022,807.69,83.6174952105,961.53,53.1799361764,475.55,79.4907390075,865.38,42.8215365168,390.0,63.9629672655,557.26,71.4247429265,650.0,74.8327850367,992.3,82.791728698,1211.51,58.4812520207,506.02,77.6630881066,1076.92,44.0661731683,400.0,66.0364693114,576.92,73.8150304492,706.0,76.6112856678,1000.0,84.2675952189,1288.17,61.1586573404,551.1,79.2074685132,1120.0,32.8916726389,434.16,50.8338079869,600.0,59.5887461911,720.0,64.4676963386,1018.13,69.077295289,1250.0,46.869594298,576.92,66.2839238646,1153.0,5.76914401561,417.58,11.1253499035,556.0,15.9085673568,686.33,17.9717740138,923.01,25.8929156623,1153.84,9.46009374653,520.0,21.051599235,998.76,25.0862879465,400.0,46.3903810976,538.0,59.1063683185,615.38,67.6189987519,911.44,72.0064939939,1153.84,39.6950324948,501.2,69.0976366695,980.0,41.6990833895,393.81,63.1116794901,549.29,71.053244286,640.0,76.4342570196,923.07,83.5323811074,1153.0,57.9295350873,514.0,78.7904558213,1000.0
2012-01-01,22.0396350701,400.0,54.2631514811,440.0,58.4372011005,471.24,77.4131874296,700.0,73.5163646267,788.05,37.1931455355,427.5,77.180473463,718.53,72.8112405896,480.0,78.7191542531,600.0,81.3626036502,712.8,89.2336417478,1000.0,91.4782842357,1250.0,77.2750466736,573.66,89.8200569414,1057.69,72.720867878,520.0,80.2415751378,732.38,84.8217379009,900.0,91.7048822879,1400.0,94.6305370729,1730.76,78.3404566481,680.0,92.7600716482,1538.0,64.5402625445,558.63,75.398668044,800.0,82.3367088005,960.0,90.4215443294,1485.65,92.0167569014,1904.07,72.9375922636,751.75,91.0096818443,1615.0,45.0010732585,564.8,59.9335139331,806.21,65.5685512115,961.0,74.8197542147,1384.2,80.3608338079,1730.76,56.5674257419,769.0,77.0607526836,1538.0,11.6242501213,560.0,18.3277915557,720.0,22.3507044301,813.19,28.4937511741,1153.84,34.8081979278,1634.61,16.0773464868,680.0,31.4201588829,1442.0,39.7883393861,493.65,62.0564368825,684.0,67.4802885335,800.0,77.8594788334,1230.76,76.8313518974,1634.61,54.9732078257,640.0,77.4924765923,1346.15,69.9281230796,500.0,77.9464984434,720.0,82.7761643313,840.0,90.4050645172,1250.0,92.8285390669,1615.38,76.0179351737,660.0,91.2076125063,1350.0,20.4755283418,324.0,47.8149512241,380.0,57.5892515641,400.0,72.9061470276,615.38,68.5909097152,735.12,32.8502686682,370.0,72.6213529806,634.0,37.324094059,382.12,58.2946400044,490.0,68.8305726745,576.92,78.6941829609,826.92,83.0490619028,979.63,53.0482463814,480.0,80.021736418,876.92,46.2212313451,383.84,62.8646627423,557.69,71.6926705517,673.0,75.5157591984,961.53,82.5078645509,1250.0,58.5542070561,508.42,77.9794198927,1076.0,44.8103749532,400.0,65.0145353572,600.0,73.1279427754,705.2,76.7832000777,1038.46,83.9365450956,1250.0,60.5464001159,560.0,79.160989163,1121.05,31.2178910691,401.45,51.4264019834,600.0,58.7600301493,746.0,64.5341103764,1038.46,68.4157600635,1307.71,47.0496249412,580.0,66.0319705165,1153.84,6.98236929098,422.4,10.9732653859,566.91,16.4255978794,700.3,18.2694316878,952.89,25.7303434221,1123.52,9.76412037966,535.72,21.198180206,1000.0,25.5068389221,384.61,45.8176114162,538.46,58.8415755075,632.0,67.4737152458,923.0,70.8892098617,1153.84,39.4807682945,500.0,68.6159481627,1000.0,42.9494524335,392.0,62.3774779384,553.0,71.2409067728,646.15,77.0644960156,942.3,83.1359706513,1153.84,57.6860476625,518.0,79.0648626306,1000.0
2013-01-01,22.5823694155,400.0,54.873575167,450.0,57.9953632828,480.0,76.823606537,692.3,71.5807107742,827.38,37.9888755347,440.0,76.4533209463,700.0,74.7890203718,460.0,77.8635235699,600.0,81.9804684411,692.0,88.4564887529,1000.0,92.3073849179,1250.0,77.1208458076,560.0,89.4418560908,1057.69,76.0064034886,500.0,79.7727050219,756.45,86.318541161,900.0,92.7027907282,1400.0,94.4220584935,1730.0,78.8395054722,680.0,93.3230269355,1510.0,64.2783737296,517.09,75.7827760044,788.31,81.5501708365,951.18,89.3210454036,1524.76,91.9593533035,1886.1,73.1320218043,728.0,90.2757724369,1634.0,46.684976216,540.0,61.1670967166,800.0,65.108358464,980.0,75.4289654853,1417.25,80.8214572671,1730.0,57.9842984282,750.0,77.57122912,1538.46,12.867292098,525.0,17.9267470632,733.14,21.7164800051,760.0,28.0945180975,1346.0,34.6288684886,1923.0,16.3078221753,692.0,31.1121925958,1538.0,40.9700104185,480.0,61.7459715262,680.0,66.9942657109,800.0,77.3626436662,1250.0,76.3387428364,1634.0,55.2448996231,626.81,77.0006734313,1384.0,71.5227871913,480.0,77.6863474716,712.02,83.197197537,828.02,90.0678614705,1250.0,92.9534379364,1600.0,76.2104666385,646.15,91.0092952451,1384.0,20.6092274698,320.0,47.7194013957,400.0,57.6488246725,420.0,74.2071423344,616.46,76.5924330872,769.23,33.1897642209,384.61,74.3810720621,634.88,38.4991981493,370.0,57.1501832428,500.0,69.3572407645,560.0,78.7139470964,850.0,83.3840641621,1000.0,52.6210113143,480.0,80.1046359262,904.09,45.3075417716,400.0,62.9225442362,570.0,70.8309980131,673.07,75.6933547937,1038.46,82.7218420575,1250.0,58.4093566463,540.0,78.2992965496,1125.0,42.5095309274,406.0,65.4528162785,596.15,72.7505056809,711.0,76.8613742374,1057.69,83.4281295555,1320.47,60.466119019,560.0,79.0526040121,1153.84,29.5755942437,440.0,51.1462614753,600.0,59.4003840824,762.27,64.4133864899,1080.0,69.8473084494,1346.0,46.6175447339,591.6,66.5305279398,1188.46,6.01991599765,400.0,11.6332557013,576.92,16.9827223805,699.94,19.3759486305,994.1,25.2020626037,1294.58,10.021471198,560.0,21.6940383737,1158.37,24.9580639797,400.0,45.531034771,550.0,58.4656200593,623.07,67.5180066617,960.0,70.8685823982,1192.3,39.3045475277,520.0,68.6544116194,1038.0,42.1836944653,400.0,62.1910648171,560.0,71.0032597416,640.0,77.1792445822,961.53,83.1501176949,1153.84,57.4495322952,523.35,79.1704696893,1038.0
2014-01-01,22.8750838221,400.0,57.4456282252,455.0,57.7384907643,480.0,76.3871979679,807.69,73.8603995727,865.18,39.9151625394,440.0,76.2095319494,807.69,73.9243090355,476.01,79.3455554027,620.0,82.1619636599,720.0,89.5739389122,1015.0,91.3978775494,1250.0,78.1392696246,600.0,90.0753474217,1100.0,78.7438067525,522.98,81.344911105,760.0,85.9549116983,923.07,92.6914735819,1384.0,94.7108949401,1682.69,80.6925389197,692.3,93.416582839,1500.0,66.3877514643,560.0,76.9489124225,800.0,82.6582918917,968.0,90.2728279152,1523.07,92.84587139,1848.4,74.5397590507,750.0,91.2129470238,1634.61,48.4584775776,550.0,61.7438348154,840.0,65.7410512152,995.05,76.5302270686,1442.3,80.1332508716,1889.37,58.7134597557,800.0,77.9456592379,1588.04,12.1025534085,480.0,17.2347652649,700.0,22.343417603,839.07,28.2507396116,1267.15,32.8049963193,1634.61,15.6330835734,640.23,30.3634793052,1500.0,41.5696786204,500.0,62.5237113714,700.0,67.0667945528,807.69,77.6827464139,1250.0,75.6722431353,1634.0,56.118474306,640.0,76.9636849402,1384.0,72.8843563739,500.0,79.0845891163,720.0,83.5118325246,854.0,90.7820025838,1250.0,93.1057970121,1596.15,77.638319632,673.0,91.5555748903,1365.0,21.3393795272,340.42,49.9829625733,400.0,57.5675256353,432.0,75.6464068431,633.2,80.4863368546,634.44,34.9899903749,400.0,76.0263851488,634.0,36.8088906318,380.0,58.7739382156,490.36,70.0763292451,570.0,79.4178507593,865.0,82.5622027954,1038.0,53.3955467767,480.0,80.3896650793,923.07,44.9915915178,400.0,65.1709019317,565.4,71.3580957208,680.0,76.6094710001,1038.0,82.9812646885,1250.0,60.034854098,523.55,79.0402895348,1151.45,44.7070988954,419.29,65.2103581059,600.0,72.1055552317,721.2,78.2769784879,1064.07,83.5396558564,1250.0,60.8027819664,576.92,80.0996958663,1153.84,29.6449941679,440.0,51.5358983786,615.0,59.0810353107,750.0,65.2739688784,1076.0,68.3369701915,1317.68,46.9357647556,598.66,66.4607937972,1192.0,5.75991680277,400.0,11.5131795413,600.0,17.2835326467,750.0,20.2701667056,1000.0,25.7962624609,1346.0,9.89586256474,565.55,22.5119460748,1153.0,25.1705989696,400.0,46.099631139,552.6,58.107472224,638.0,68.1914487967,961.0,70.3967239411,1192.3,39.841822692,520.0,68.9578255035,1038.46,42.3088451,400.0,63.2615388198,560.0,71.1731923684,648.0,78.1789203456,961.53,83.020064247,1153.84,58.3124535414,524.95,79.8482449131,1050.0
2015-01-01,22.5949492138,400.0,59.4257044958,480.0,58.2186958208,512.4,76.9346108903,769.23,70.0580403179,989.28,41.0842729185,480.0,76.5363341137,769.23,74.1255133363,480.76,79.6267550048,630.0,84.0083331416,700.95,90.467035043,1057.0,90.1723093644,1250.0,78.436641765,600.0,90.3865042384,1153.0,77.927895863,520.0,81.5490462985,769.23,86.6355119573,929.16,93.1122518047,1442.0,95.1003283537,1730.0,80.6044518846,700.0,93.8379024757,1538.0,67.5570814311,560.0,77.5619708238,826.49,83.2600710051,1000.0,91.0605893048,1538.0,92.7309547414,1923.0,75.2603994038,769.0,91.6790775019,1634.61,49.2618931075,600.0,62.1241813296,840.0,67.2759512048,1019.23,76.2171993841,1480.0,81.0933477154,1923.0,59.1231243876,800.0,78.1337379648,1615.38,11.5682854867,480.0,17.6904488536,769.0,22.2706317262,908.8,28.6874884076,1493.61,34.3454097978,1658.84,15.8665610298,680.0,31.2544802978,1538.0,41.8580399383,500.0,62.8725112077,712.5,67.5221146554,830.0,77.7422317665,1286.81,76.0412198024,1634.61,56.4957596996,653.84,77.1349325228,1403.84,73.1492455349,510.0,79.4648227306,735.15,84.59112169,865.0,91.4767236638,1300.0,92.8576656309,1603.54,77.9800102651,680.0,91.9398762348,1394.56,22.1785944338,350.35,51.3946119206,400.0,59.7467208229,440.0,75.1907142716,673.0,65.733862142,834.11,36.0734836904,400.0,74.4750113681,673.07,36.1631602384,400.0,58.2213260103,500.0,70.8404721069,574.0,78.9991240866,865.38,82.6367284788,1009.58,53.2719567048,480.0,80.1712844411,942.3,46.7674137033,400.0,62.0163330845,597.3,73.7819387609,680.0,77.4160276868,1038.46,83.6593164744,1250.0,57.9960795941,555.0,79.864872334,1153.57,46.2775213144,422.42,64.9505977827,634.61,72.0773946332,720.0,78.0413586559,1100.0,85.1190985158,1346.0,60.6398523935,600.0,80.5444020048,1192.0,31.1789512127,440.0,50.9966261387,620.0,58.493342029,740.17,65.4604301951,1074.25,69.0154664718,1346.15,46.9081267738,600.0,66.8766940995,1173.07,6.29280891184,435.06,11.87212753,600.0,16.8648856834,734.23,20.178274252,1057.4,25.806116458,1288.0,10.3537953111,589.04,22.4427180988,1153.84,26.2601526987,400.0,45.4977030402,560.0,58.4358635449,640.0,67.6887992352,961.53,70.6879943376,1200.0,39.7632939771,530.0,68.7553025313,1050.0,43.5343506515,406.55,61.9588667968,576.0,72.1571993634,653.6,78.2038994076,969.23,83.7777863694,1153.84,57.5533659362,541.24,80.1844107593,1057.0
2016-01-01,24.9857989415,440.0,60.0459880009,490.0,58.8514337583,520.0,77.8103623544,801.02,80.570046563,924.42,42.5190252161,480.0,78.0468651266,807.47,75.3335021394,486.44,79.3802484602,630.0,84.8727817837,730.0,89.5734571257,1100.0,92.0254984277,1250.0,78.5680334108,600.0,90.2603747435,1153.84,78.7397748705,560.0,82.4328853267,800.0,87.6408934755,950.0,93.0137430864,1500.0,95.1425834109,1788.0,81.5357759662,720.0,93.8305139165,1600.0,68.9162597338,580.0,78.6169821522,850.0,84.0858858696,1000.0,90.8686512169,1576.92,93.3283843203,1923.0,76.3680904804,780.0,91.7889619085,1730.0,50.3407202405,620.97,62.328885102,880.0,67.2561943573,1040.0,76.9089060094,1538.46,80.3089791683,1923.07,59.6424751481,817.58,78.2398078593,1730.76,12.6324586968,500.0,17.8689860769,800.0,22.945500099,914.97,29.2788378481,1323.83,33.9287056064,1746.2,16.3259789052,721.04,31.3845004928,1500.0,42.7654745835,520.0,63.3417671466,720.0,67.932523641,848.4,77.1763374497,1346.0,76.0029397875,1730.0,57.2180224906,674.0,76.7486096667,1442.3,74.1497007677,534.38,80.0405004377,742.5,85.4809673341,865.38,91.0336484683,1346.15,93.6200975795,1634.61,78.7164599687,692.3,91.925139651,1442.3,22.8424669932,377.0,51.7984300766,420.0,59.9672445777,480.0,76.4081673053,700.0,75.5608882293,769.02,36.4495742469,418.09,76.3344279573,700.0,40.5727973292,400.0,59.9633782313,503.94,71.8939214856,600.0,79.986057311,894.37,83.5030066934,1076.0,55.9006689127,486.0,81.1399019773,961.53,46.9631716969,420.0,63.2773098795,600.0,73.5648378088,720.0,76.480888617,1076.04,84.5373346567,1346.0,59.057970477,553.86,79.7013769765,1187.19,44.2623350148,457.19,64.6035986442,640.0,72.9755916924,760.0,78.9603691892,1115.0,85.4001529115,1365.38,59.8606974726,600.0,81.2706049441,1200.0,31.864199794,443.93,50.8842628039,648.4,58.5687870842,769.32,65.793138222,1096.04,68.4151690057,1403.0,46.9035102498,615.38,66.7927863136,1250.0,6.39540665407,440.0,11.5932983775,600.0,17.2892341249,730.0,20.2016068818,1051.68,25.0667446829,1307.06,10.2353582053,577.67,22.1905869336,1153.0,26.7952284537,420.0,45.6173166137,576.0,58.5969321443,668.05,67.4727282585,980.0,70.3611235149,1250.0,40.0672502503,540.0,68.5099669817,1076.92,44.162075732,420.0,62.6994581376,580.0,72.7635761704,676.8,78.5623024683,1000.0,84.4677467708,1250.0,58.3666314836,550.0,80.6976467085,1080.0
2017-01-01,26.2544507252,415.98,61.4016600297,500.0,60.6670252073,520.0,77.8871871545,849.29,67.0743147773,1019.14,43.5579956274,490.0,77.2581338618,865.0,74.2074706709,500.0,79.8293242055,673.07,85.0672242225,750.0,90.1422780965,1096.15,91.3745757327,1326.33,78.7659948532,634.61,90.5040199817,1153.84,78.4363627174,576.0,82.8706252087,800.0,87.1274980957,961.53,93.1800252438,1500.0,94.7272488919,1769.23,81.7647456488,721.95,93.759658751,1596.0,69.9644136882,600.0,78.8873108201,865.38,83.2076217497,1038.0,91.2130629052,1615.38,93.0349871384,1846.08,76.9205260006,800.0,91.9105570758,1730.38,51.2496400873,600.0,64.1441331343,880.0,66.725242695,1000.0,78.6266369049,1538.0,81.4733761281,1886.75,61.4771813133,807.69,79.712266986,1704.05,12.0084503334,600.0,17.8020031781,800.0,23.1881925357,961.0,28.4830670089,1307.0,33.2748423738,1806.22,16.1585779252,763.88,30.5664033245,1442.3,43.0601184438,550.0,63.9467487777,750.0,67.8530377415,860.0,76.760089437,1346.0,75.6508574258,1730.0,57.8644033428,700.0,76.3597377137,1442.0,74.1880649959,560.0,80.3997969758,769.0,85.131389103,900.0,91.4301502425,1346.15,93.1462637717,1649.6,79.0408658085,720.0,92.0291000655,1442.0,24.4018572354,371.02,54.209563519,436.58,60.180295121,480.0,78.884034517,680.0,70.6759020722,807.0,38.3905607534,420.0,78.1565400523,692.21,42.0418639346,425.07,59.8694501533,537.68,73.5922533684,600.0,80.2766954307,880.0,84.6830773817,1150.0,56.1427518925,507.34,81.6897684735,961.0,46.0436455273,420.0,63.9025112499,595.95,73.1369680798,720.0,77.357732287,1061.53,83.8051228206,1346.15,59.3046086409,554.49,79.9139087848,1153.84,47.1757253763,440.0,64.2775041047,634.0,73.5085368184,755.01,78.8152085719,1130.18,84.9126969397,1353.89,60.3623944779,600.0,81.0318444792,1200.0,35.4302839257,460.0,51.0704615902,660.0,57.8847775864,800.0,65.7506056833,1153.84,71.8727428358,1430.76,47.7103185438,627.19,68.0396860338,1250.0,6.85506709187,428.61,11.9021695247,637.68,16.2027466379,720.0,20.2596622237,1019.11,25.4913851809,1230.0,10.5809989635,600.0,22.3359832354,1150.0,28.0544322799,425.0,45.9337654149,576.0,58.243907721,672.98,67.4933019997,972.0,70.9059567659,1269.0,40.65220104,548.0,68.705114549,1076.92,45.2927048309,426.0,62.7037832684,580.0,73.4253524353,673.07,78.9052644702,1000.0,84.429289667,1250.0,58.6772045205,557.67,80.8903458486,1084.0
