,Male: 16-24: LTHS,Male: 16-24: HS,Male: 16-24: Some college,Male: 16-24: College,Male: 16-24: Advanced,Male: 16-24: LTHS or HS,Male: 16-24: College or Advanced,Male: 25-34: LTHS,Male: 25-34: HS,Male: 25-34: Some college,Male: 25-34: College,Male: 25-34: Advanced,Male: 25-34: LTHS or HS,Male: 25-34: College or Advanced,Male: 35-44: LTHS,Male: 35-44: HS,Male: 35-44: Some college,Male: 35-44: College,Male: 35-44: Advanced,Male: 35-44: LTHS or HS,Male: 35-44: College or Advanced,Male: 45-54: LTHS,Male: 45-54: HS,Male: 45-54: Some college,Male: 45-54: College,Male: 45-54: Advanced,Male: 45-54: LTHS or HS,Male: 45-54: College or Advanced,Male: 55-64: LTHS,Male: 55-64: HS,Male: 55-64: Some college,Male: 55-64: College,Male: 55-64: Advanced,Male: 55-64: LTHS or HS,Male: 55-64: College or Advanced,Male: 65+: LTHS,Male: 65+: HS,Male: 65+: Some college,Male: 65+: College,Male: 65+: Advanced,Male: 65+: LTHS or HS,Male: 65+: College or Advanced,Male: 16+: LTHS,Male: 16+: HS,Male: 16+: Some college,Male: 16+: College,Male: 16+: Advanced,Male: 16+: LTHS or HS,Male: 16+: College or Advanced,Male: 25-54: LTHS,Male: 25-54: HS,Male: 25-54: Some college,Male: 25-54: College,Male: 25-54: Advanced,Male: 25-54: LTHS or HS,Male: 25-54: College or Advanced,Female: 16-24: LTHS,Female: 16-24: HS,Female: 16-24: Some college,Female: 16-24: College,Female: 16-24: Advanced,Female: 16-24: LTHS or HS,Female: 16-24: College or Advanced,Female: 25-34: LTHS,Female: 25-34: HS,Female: 25-34: Some college,Female: 25-34: College,Female: 25-34: Advanced,Female: 25-34: LTHS or HS,Female: 25-34: College or Advanced,Female: 35-44: LTHS,Female: 35-44: HS,Female: 35-44: Some college,Female: 35-44: College,Female: 35-44: Advanced,Female: 35-44: LTHS or HS,Female: 35-44: College or Advanced,Female: 45-54: LTHS,Female: 45-54: HS,Female: 45-54: Some college,Female: 45-54: College,Female: 45-54: Advanced,Female: 45-54: LTHS or HS,Female: 45-54: College or Advanced,Female: 55-64: LTHS,Female: 55-64: HS,Female: 55-64: Some college,Female: 55-64: College,Female: 55-64: Advanced,Female: 55-64: LTHS or HS,Female: 55-64: College or Advanced,Female: 65+: LTHS,Female: 65+: HS,Female: 65+: Some college,Female: 65+: College,Female: 65+: Advanced,Female: 65+: LTHS or HS,Female: 65+: College or Advanced,Female: 16+: LTHS,Female: 16+: HS,Female: 16+: Some college,Female: 16+: College,Female: 16+: Advanced,Female: 16+: LTHS or HS,Female: 16+: College or Advanced,Female: 25-54: LTHS,Female: 25-54: HS,Female: 25-54: Some college,Female: 25-54: College,Female: 25-54: Advanced,Female: 25-54: LTHS or HS,Female: 25-54: College or Advanced
1979-01-01,4.34030639272,3.17754326483,2.89562345455,0.5161274155,0.0773487605475,7.51784965756,0.593476176047,1.4578129403,3.27996101655,2.72701820114,1.91836535829,0.977822522303,4.73777395684,2.8961878806,1.61779563191,2.43262643602,1.39772205153,1.01876240282,0.780446903871,4.05042206793,1.79920930669,2.16268130898,2.12350809972,0.979643995686,0.821944613499,0.518583165388,4.2861894087,1.34052777889,2.44846930967,1.89245513873,0.815524921171,0.530436265296,0.300651896566,4.3409244484,0.831088161862,3.50081374306,1.12883928599,0.539343823613,0.384212336135,0.238718786117,4.62965302905,0.622931122252,15.5278793266,14.0349332418,9.35487644769,5.18984839154,2.89357203479,29.5628125685,8.08342042633,5.23828988119,7.83609555229,5.10438424836,3.75907237461,2.27685259156,13.0743854335,6.03592496617,4.06830154997,3.65699075804,3.02714458026,0.611089493063,0.0509481217107,7.72529230801,0.662037614773,1.67701972917,4.43314667478,2.56162317532,1.74487060089,0.514059223349,6.11016640395,2.25892982424,1.77882699978,3.39399300755,1.39686779148,0.845415936748,0.30413131375,5.17282000733,1.1495472505,2.15545029365,3.1474539733,1.04968447947,0.573705168629,0.209462033917,5.30290426695,0.783167202546,2.62934218652,2.72615625598,0.872688073946,0.435885240868,0.148069267096,5.35549844249,0.583954507964,4.75619507904,2.04752904021,0.866866604975,0.508769395015,0.145593732058,6.80372411925,0.654363127073,17.0651358381,19.4052697099,9.77487470545,4.71973583521,1.37226369188,36.470405548,6.09199952709,5.6112970226,10.9745936556,5.00817544627,3.16399170627,1.02765257102,16.5858906782,4.19164427728
1980-01-01,4.28839720998,3.14980225328,2.83858592012,0.49809588279,0.0825730958193,7.43819946327,0.580668978609,1.47874587379,3.45261251185,2.7672406738,1.93744130946,0.967700179615,4.93135838564,2.90514148908,1.56536597708,2.46242534937,1.40595562288,1.09433372169,0.800034465778,4.02779132645,1.89436818747,2.06631401087,2.08557130116,0.987141157803,0.793983509336,0.518834945254,4.15188531203,1.31281845459,2.36615870309,1.87097097803,0.829708717682,0.56933979972,0.324235148976,4.23712968111,0.893574948695,3.45052328016,1.20006520551,0.556442334553,0.397832910363,0.236623285756,4.65058848567,0.634456196119,15.215505055,14.2214475992,9.38507442683,5.29102713336,2.9300011212,29.4369526542,8.22102825456,5.11042586174,8.00060916237,5.16033745448,3.82575854049,2.28656959065,13.1110350241,6.11232813114,3.98655606657,3.57058533915,3.02564251234,0.605854981533,0.0602971088742,7.55714140572,0.666152090407,1.64122506157,4.51296415525,2.61951389299,1.818674945,0.560474826894,6.15418921683,2.37914977189,1.72241440159,3.35621683948,1.47030658289,0.894209059414,0.33887079218,5.07863124107,1.23307985159,2.06257554718,3.09331467704,1.00880572076,0.581693027834,0.203938995414,5.15589022423,0.785632023249,2.52901952221,2.83268821863,0.86162197728,0.429336491491,0.149843058601,5.36170774085,0.579179550091,4.75119035052,2.13458375385,0.865445766232,0.499728425566,0.149108888122,6.88577410437,0.648837313689,16.6929809496,19.5003529834,9.85133645248,4.82949693084,1.46253367009,36.1933339331,6.29203060092,5.42621501035,10.9624956718,5.09862619664,3.29457703225,1.10328461449,16.3887106821,4.39786164673
1981-01-01,4.21175030057,3.12740980755,2.78931510531,0.466918056517,0.0683310247337,7.33916010811,0.535249081251,1.45806135155,3.62870026583,2.82171425864,1.9556531419,0.944465210195,5.08676161738,2.9001183521,1.51052869554,2.48799748198,1.44807337979,1.14507996893,0.87120167021,3.99852617752,2.01628163914,1.90859524143,2.0634209196,1.00722949765,0.810102738242,0.524808921709,3.97201616103,1.33491165995,2.27750746395,1.85705426336,0.805989872692,0.614621282745,0.36157784056,4.1345617273,0.976199123305,3.38328727825,1.26090285708,0.572903329074,0.409611616025,0.245879608876,4.64419013533,0.655491224901,14.7497303313,14.4254855954,9.44522544316,5.40198680436,3.01626427628,29.1752159267,8.41825108064,4.87718528852,8.18011866742,5.27701713609,3.91083584907,2.34047580211,13.0573039559,6.25131165119,3.88732107875,3.5226400343,3.00481639646,0.573114784596,0.0553035310556,7.40996111305,0.628418315652,1.6255246811,4.54861969935,2.76206424509,1.81928350351,0.574030594351,6.17414438044,2.39331409786,1.63142066967,3.41553739191,1.52937036583,0.973961354195,0.381898978478,5.04695806159,1.35586033267,1.97487383383,3.00783564017,1.0108192633,0.57325112183,0.220614358567,4.982709474,0.793865480397,2.47249879147,2.81854185968,0.884398801787,0.429464096389,0.162735217498,5.29104065115,0.592199313886,4.74189410439,2.22019405464,0.895236088375,0.488413771556,0.143050165502,6.96208815903,0.631463937059,16.3335331592,19.5333686801,10.0867051608,4.85748863208,1.53763284545,35.8669018393,6.39512147753,5.2318191846,10.9719927314,5.30225387422,3.36649597954,1.1765439314,16.203811916,4.54303991093
1982-01-01,4.00872308696,3.10784243394,2.7526466242,0.47858536663,0.0716571828171,7.1165655209,0.550242549447,1.42853890645,3.72890621996,2.83982746914,1.9496448416,0.918634522519,5.15744512641,2.86827936412,1.476165757,2.554521818,1.57375491426,1.23215697579,0.918783928455,4.030687575,2.15094090425,1.74388611164,2.08010030036,0.982163866952,0.836720174494,0.555350081605,3.823986412,1.3920702561,2.19190541872,1.88178185259,0.797920933475,0.633856340224,0.374860134148,4.07368727131,1.00871647437,3.30584447906,1.35334698314,0.58769704072,0.424610855885,0.256719472166,4.65919146219,0.68133032805,14.1550637598,14.706499608,9.53401084875,5.55557455463,3.09600532171,28.8615633678,8.65157987634,4.64859077509,8.36352833833,5.39574625035,4.01852199189,2.39276853258,13.0121191134,6.41129052447,3.70822825758,3.39808347563,3.04137915418,0.572608647782,0.0531723156657,7.10631173321,0.625780963448,1.57511638283,4.59903955526,2.7761066714,1.83761673981,0.620677178965,6.1741559381,2.45829391878,1.59196450938,3.4945520291,1.64263391476,1.05463838175,0.426846721664,5.08651653848,1.48148510341,1.84481660391,2.96658759316,1.03545618369,0.581903154945,0.227210380772,4.81140419706,0.809113535716,2.37598218993,2.84131021256,0.896560933077,0.464826015275,0.164657544849,5.21729240249,0.629483560123,4.6050972954,2.37981481565,0.912028327153,0.529006153819,0.156086036302,6.98491211105,0.685092190121,15.701205239,19.6793876813,10.3041651843,5.04059909338,1.64865017822,35.3805929204,6.6892492716,5.01189749612,11.0601791775,5.45419676984,3.4741582765,1.2747342814,16.0720766736,4.74889255791
1983-01-01,3.86626247328,2.98161583436,2.76003785288,0.493184150806,0.0793800546171,6.84787830763,0.572564205423,1.42589074078,3.78115070508,2.82024837562,1.9589334598,0.954013681384,5.20704144586,2.91294714118,1.39420618681,2.63793517951,1.66230901432,1.36897686301,0.983889282281,4.03214136632,2.35286614529,1.60924652202,2.08104727906,1.00618213247,0.835257413745,0.572438867856,3.69029380108,1.4076962816,2.13282772152,1.83977526392,0.820310238266,0.649779560873,0.408105214141,3.97260298544,1.05788477501,3.24399826854,1.43283985404,0.60720836326,0.43213975841,0.27148978648,4.67683812258,0.70362954489,13.6724319129,14.754364116,9.67629597682,5.73827120664,3.26931688676,28.4267960289,9.0075880934,4.42934344961,8.50013316365,5.48873952242,4.16316773655,2.51034183152,12.9294766133,6.67350956807,3.51772900835,3.31526153932,2.9881681087,0.593371972114,0.0523630633544,6.83299054767,0.645735035468,1.52952336402,4.50461113672,2.86650645799,1.92937675923,0.615776922923,6.03413450074,2.54515368215,1.5241299313,3.57069036913,1.76858333316,1.15525720445,0.472763101756,5.09482030044,1.6280203062,1.72312203521,2.95934634144,1.0514013306,0.592951531506,0.228583622309,4.68246837666,0.821535153814,2.29449890945,2.84509905279,0.9130977324,0.459509982567,0.176670815655,5.13959796224,0.636180798222,4.54121900044,2.48306456556,0.939444315443,0.544132153814,0.167089208138,7.024283566,0.711221361952,15.1302222488,19.678073005,10.5272012783,5.27459960368,1.71324673414,34.8082952537,6.98784633781,4.77677533053,11.0346478473,5.68649112175,3.67758549518,1.31712364699,15.8114231778,4.99470914217
1984-01-01,3.65974675172,2.90207863258,2.76581019653,0.489786104529,0.0741132744132,6.5618253843,0.563899378942,1.45490786248,3.9425671256,2.80739191429,1.96776835089,0.907509859869,5.39747498808,2.87527821076,1.29627396817,2.62711276258,1.83835670924,1.45303839872,1.08344583923,3.92338673075,2.53648423795,1.55686408386,2.11313668778,1.04095555954,0.795928234244,0.553210445527,3.67000077164,1.34913867977,2.02655576988,1.8403417398,0.844572924342,0.668002179308,0.412002441929,3.86689750969,1.08000462124,3.18021333475,1.49613763325,0.646457290638,0.445809452808,0.273445295834,4.676350968,0.719254748641,13.1745617708,14.9213745816,9.94354459458,5.8203327205,3.3037271568,28.0959363524,9.1240598773,4.3080459145,8.68281657597,5.68670418307,4.21673498385,2.54416614462,12.9908624905,6.76090112848,3.33082072031,3.14111934976,3.02386430525,0.594398543041,0.0551705182821,6.47194007008,0.649569061323,1.49767800829,4.53157646577,2.89728090831,1.98577205587,0.617481530702,6.02925447406,2.60325358657,1.44965781264,3.65035079795,1.87766011422,1.25313293385,0.533974903249,5.10000861059,1.7871078371,1.65891058932,2.89781720714,1.07371680978,0.600396490797,0.261016403238,4.55672779646,0.861412894036,2.13879700076,2.94444943642,0.909766913027,0.466523414943,0.167255776673,5.08324643718,0.633779191616,4.47007548029,2.61160480181,0.962816721068,0.538215952629,0.164827025389,7.0816802821,0.703042978018,14.5459396116,19.7769180589,10.7451057717,5.43843939113,1.79972615753,34.3228576705,7.23816554866,4.60624641026,11.0797444709,5.84865783231,3.83930148052,1.41247283719,15.6859908811,5.25177431771
1985-01-01,3.63362883751,2.66308691009,2.68489271305,0.482776451705,0.0687895737866,6.29671574759,0.551566025492,1.4850731402,4.06487678189,2.72381378775,1.98165428339,0.850434290111,5.54994992209,2.8320885735,1.29031323874,2.69352859082,1.91937403864,1.54624987802,1.08363029749,3.98384182956,2.62988017551,1.50682113558,2.11876981724,1.0470761538,0.820833550775,0.564742135212,3.62559095282,1.38557568599,1.98956438686,1.84332499162,0.849178960626,0.687683273695,0.425980079799,3.83288937849,1.11366335349,3.12260657721,1.55750107229,0.676413231104,0.471766268302,0.299260300908,4.6801076495,0.771026569209,13.0280073161,14.9410881639,9.90074888497,5.99096370589,3.29283667731,27.9690954801,9.28380038319,4.28220751453,8.87717518995,5.69026398019,4.34873771218,2.49880672281,13.1593827045,6.847544435,3.29780427413,2.96051460464,2.93368298826,0.607213036349,0.0486309818987,6.25831887877,0.655844018248,1.49172502111,4.6132190737,2.91752930512,1.99022587468,0.617656510595,6.10494409481,2.60788238527,1.41471861592,3.69195529874,2.0198924067,1.27801264865,0.613609343255,5.10667391466,1.8916219919,1.5534943961,2.90629397264,1.08749133878,0.626736105508,0.284531297622,4.45978836875,0.91126740313,2.07662535229,2.88020208073,0.91810707077,0.49052106546,0.177330707732,4.95682743302,0.667851773192,4.3821006299,2.70567787971,0.996701363769,0.552289886272,0.158031757239,7.08777850961,0.710321643511,14.2164682894,19.7578629102,10.8734044734,5.54499861691,1.89979059834,33.9743311996,7.44478921526,4.45993803313,11.2114683451,6.0249130506,3.89497462883,1.51579715147,15.6714063782,5.4107717803
1986-01-01,3.54180861816,2.62027018288,2.58286822697,0.465755431109,0.0562746698405,6.16207880104,0.52203010095,1.5140247318,4.19378631126,2.74969205129,2.00507963885,0.829512000591,5.70781104306,2.83459163944,1.24307624539,2.72051685112,2.07054706143,1.62867345103,1.0958281721,3.9635930965,2.72450162313,1.43870250651,2.07749900286,1.08341296799,0.849980987367,0.605221477427,3.51620150937,1.45520246479,1.90900966045,1.82411784232,0.847810587778,0.675949327861,0.421983490818,3.73312750277,1.09793281868,3.04602766501,1.61139664576,0.717709944492,0.501850631178,0.328632558272,4.65742431077,0.83048318945,12.6926494273,15.0475868362,10.0520408399,6.1272894674,3.33745236904,27.7402362635,9.46474183644,4.1958034837,8.99180216523,5.90365208071,4.48373407725,2.53056165011,13.1876056489,7.01429572737,3.20618004203,2.84284468081,2.8867727032,0.575757440123,0.0448542542644,6.04902472284,0.620611694387,1.51745400266,4.5892964627,3.0008338904,2.0148127545,0.592661945635,6.10675046536,2.60747470014,1.33448244621,3.74593815105,2.1328507264,1.35287289699,0.651117635697,5.08042059726,2.00399053268,1.48383500928,2.9336003839,1.12036741235,0.637157636387,0.303074818835,4.41743539319,0.940232455222,1.97140835943,2.81533475037,0.965000415944,0.479117912611,0.187023584281,4.7867431098,0.666141496891,4.30965526972,2.76044742882,1.00958530545,0.563931216555,0.175165607599,7.07010269854,0.739096824154,13.8230151293,19.6874618576,11.1154104537,5.62364985717,1.95389784631,33.510476987,7.57754770348,4.33577145816,11.2688349976,6.25405202915,4.00484328788,1.54685440017,15.6046064558,5.55169768804
1987-01-01,3.55853114675,2.39213231867,2.53998257243,0.475098901594,0.0522724528489,5.95066346542,0.527371354443,1.55213859504,4.24106294993,2.71868135351,1.99910532738,0.810728980901,5.79320154498,2.80983430828,1.19266742778,2.80304363143,2.15903890584,1.71322944925,1.13029676351,3.99571105922,2.84352621276,1.36725602942,2.09361513694,1.13298443298,0.853831459156,0.6480670136,3.46087116635,1.50189847276,1.80932914829,1.81219070752,0.840726085504,0.660010719756,0.457602956216,3.62151985581,1.11761367597,2.98188817704,1.70718463926,0.741355166637,0.519629000255,0.339157234994,4.6890728163,0.858786235249,12.4618105243,15.0492293838,10.1327685169,6.22090485739,3.43812540207,27.5110399081,9.65903025946,4.11206205224,9.13772171831,6.01070469233,4.56616623579,2.58909275801,13.2497837705,7.15525899379,3.21899711798,2.64031802635,2.8494719461,0.552573848054,0.0434944044808,5.85931514433,0.596068252534,1.49214911151,4.6299670827,2.98369290137,2.04144645401,0.589288192377,6.12211619421,2.63073464638,1.29938986735,3.74923696467,2.21925542837,1.44726942331,0.708691053221,5.04862683203,2.15596047653,1.41413357708,2.89242083079,1.22130453875,0.659412930957,0.332535572226,4.30655440787,0.991948503183,1.88818229461,2.74711238964,0.952828181853,0.493326440377,0.195337568371,4.63529468425,0.688664008748,4.19074478553,2.90924210891,1.03262430247,0.589470212373,0.181683148033,7.09998689444,0.771153360405,13.5035967541,19.5682974031,11.2591772989,5.78349930907,2.05102993871,33.0718941571,7.83452924778,4.20567255594,11.2716248782,6.42425286848,4.14812880827,1.63051481782,15.4772974341,5.77864362609
1988-01-01,3.44835603186,2.2906774665,2.51732218236,0.447755360181,0.0626140709123,5.73903349836,0.510369431093,1.59209367897,4.27061855226,2.62738518692,1.97945868186,0.817383380245,5.86271223124,2.7968420621,1.19471395394,2.87288837811,2.1919747858,1.76030701716,1.14515338678,4.06760233205,2.90546040394,1.31980557592,2.14478559179,1.17574275254,0.904720450129,0.729130827032,3.46459116772,1.63385127716,1.76017865003,1.77162056999,0.805339718893,0.671226744577,0.478370164779,3.53179922001,1.14959690936,2.91769611673,1.77932856743,0.753090242126,0.53841532613,0.356974698879,4.69702468416,0.895390025009,12.2328440075,15.1299191261,10.0708548686,6.30188358004,3.58962652863,27.3627631335,9.89151010866,4.10661320884,9.28829252216,5.99510272526,4.64448614915,2.69166759406,13.394905731,7.33615374321,3.07766822539,2.52542427863,2.84072490328,0.544153117453,0.0513058768828,5.60309250402,0.595458994336,1.44381550065,4.57723549536,3.01057967418,2.04575847635,0.622943235124,6.02105099601,2.66870171148,1.26769149193,3.69440448954,2.35303798643,1.51703835675,0.756208909669,4.96209598147,2.27324726642,1.38328145486,2.93074585718,1.27614553482,0.71652338908,0.366247576364,4.31402731204,1.08277096544,1.81598036198,2.69149406897,0.92292072914,0.492474285915,0.226610894589,4.50747443094,0.719085180504,4.01039473774,3.05100451755,1.08419547797,0.600301581763,0.212506454289,7.06139925528,0.812808036052,12.9988317725,19.4703087072,11.4876043058,5.91624920732,2.23582294692,32.4691404798,8.15207215423,4.09478844744,11.2023858421,6.63976319543,4.27932022219,1.74539972116,15.2971742895,6.02471994334
1989-01-01,3.28470622879,2.21499913453,2.51307856295,0.420692756159,0.0632327085202,5.49970536332,0.483925464679,1.54774134135,4.23490807193,2.66334943353,1.98447381191,0.780591406042,5.78264941328,2.76506521795,1.18115862447,2.92554668372,2.29416419871,1.79128088793,1.20656029764,4.10670530819,2.99784118557,1.28590745259,2.2047507127,1.19607913527,0.942259448895,0.780799121881,3.49065816529,1.72305857078,1.66715257383,1.76308161994,0.823135026106,0.638469648144,0.501678752782,3.43023419377,1.14014840093,2.86954657837,1.81147064609,0.826195912107,0.575289127247,0.369359604029,4.68101722446,0.944648731276,11.8362127994,15.1547568689,10.3160022687,6.35246568029,3.70222189089,26.9909696683,10.0546875712,4.01480741841,9.36520546835,6.15359276751,4.71801414874,2.76795082556,13.3800128868,7.4859649743,2.94377705099,2.40661798308,2.81693072585,0.536775824756,0.0602716983245,5.35039503407,0.59704752308,1.42359954344,4.47945887006,3.02224076111,2.07324951934,0.630397607249,5.90305841349,2.70364712659,1.23364469621,3.70539985989,2.46118581383,1.59625750603,0.819090103667,4.9390445561,2.41534760969,1.38601987117,2.90769191296,1.31883956838,0.792447212842,0.42556843875,4.29371178413,1.21801565159,1.74510527133,2.62719175816,0.912788382414,0.476054205306,0.252369808311,4.37229702949,0.728424013617,3.93775992632,3.1561754566,1.11850680205,0.596342070883,0.235323865081,7.09393538291,0.831665935965,12.6699063594,19.2825358407,11.6504920536,6.07112633916,2.42302152138,31.9524422002,8.49414786054,4.04326411082,11.0925506429,6.80226614333,4.46195423821,1.87505614967,15.1358147537,6.33701038788
1990-01-01,3.42394760957,2.27380889598,2.58844243627,0.429967530005,0.0661270353699,5.69775650555,0.496094565375,1.58350056094,4.20105636558,2.63286209686,1.91801325422,0.781453897319,5.78455692652,2.69946715154,1.18198793919,3.06284554373,2.44537373463,1.84946867112,1.18926698491,4.24483348291,3.03873565602,1.27697285241,2.16269831391,1.23067423857,0.964762093919,0.787524583639,3.43967116632,1.75228667756,1.48468345992,1.69163813357,0.804647144078,0.670519400105,0.485972767611,3.1763215935,1.15649216772,2.707304179,1.80421166521,0.831790050422,0.573083838161,0.396711701464,4.51151584421,0.969795539625,11.658396601,15.196258918,10.5337897008,6.40581478753,3.70705697031,26.854655519,10.1128717578,4.04246135254,9.42660022321,6.30891007006,4.73224401926,2.75824546586,13.4690615758,7.49048948512,3.06864317567,2.30633099695,2.83698221004,0.557657155218,0.0646249199555,5.37497417261,0.622282075173,1.46400874463,4.2790853198,3.10125077894,2.06027894091,0.61784032424,5.74309406443,2.67811926515,1.22285124633,3.78892260712,2.57555048597,1.67121900571,0.824195780366,5.01177385345,2.49541478608,1.26219247133,2.86501161665,1.36448183553,0.820112417881,0.437487160295,4.12720408798,1.25759957818,1.60617070751,2.50445703046,0.914888203955,0.475745281014,0.236202760941,4.11062773797,0.711948041955,3.82154323791,3.17380469136,1.13667645633,0.604923304448,0.255889313475,6.99534792927,0.860812617922,12.4454095834,18.9176122624,11.9298299708,6.18993610518,2.43624025927,31.3630218457,8.62617636445,3.94905246229,10.9330195436,7.04128310044,4.5516103645,1.8795232649,14.8820720059,6.4311336294
1991-01-01,3.36474002009,2.16074797938,2.60645979225,0.432110113895,0.0561113574461,5.52548799947,0.488221471341,1.5804391415,4.1005275462,2.59672455002,1.89732172489,0.757703442382,5.68096668771,2.65502516727,1.22181718908,3.19386702295,2.55256634477,1.90503842403,1.142303138,4.41568421203,3.04734156203,1.20259336972,2.15734764133,1.33593618193,1.02258261585,0.821472476282,3.35994101104,1.84405509214,1.43230389469,1.71130887451,0.809540136494,0.652024605785,0.488771389334,3.1436127692,1.14079599512,2.6175963607,1.86062511303,0.854615755049,0.614190858989,0.415281774013,4.47822147373,1.029472633,11.4194899758,15.1844241774,10.7558427605,6.52326834344,3.68164357746,26.6039141532,10.2049119209,4.0048497003,9.45174221048,6.48522707673,4.82494276477,2.72147905667,13.4565919108,7.54642182144,3.00367252838,2.19544975335,2.84022341291,0.542816945158,0.0565951988389,5.19912228173,0.599412143997,1.49144525327,4.20798099937,2.96678464309,2.08838670218,0.598003225583,5.69942625264,2.68638992776,1.23890034382,3.89172336441,2.66154879493,1.72744908013,0.842146284721,5.13062370823,2.56959536485,1.21976599906,2.85023157933,1.43466959651,0.877427455203,0.465582204632,4.06999757839,1.34300965983,1.47712860174,2.49712248047,0.962725153615,0.497026870825,0.230877687789,3.97425108221,0.727904558614,3.65899300868,3.30915569711,1.19973375072,0.627187854313,0.24870636756,6.9681487058,0.875894221873,12.089905735,18.951663874,12.0656853518,6.36029490781,2.44191096912,31.041569609,8.80220587694,3.95011159615,10.9499359431,7.06300303453,4.69326323752,1.90573171494,14.9000475393,6.59899495245
1992-01-01,2.94196999447,2.6003683089,2.47369513575,0.44078203213,0.0257084186177,5.54233830337,0.466490450748,1.3463654519,4.15308628343,2.7322293357,1.89490656674,0.63816079396,5.49945173533,2.5330673607,1.1221065775,3.43498030178,2.6703260094,1.84446723809,1.08392533,4.55708687928,2.92839256808,1.09944249542,2.28354145917,1.48752968258,1.08729419894,0.941909258316,3.38298395459,2.02920345725,1.27806377906,1.76728338891,0.887289047373,0.651603548115,0.494063305859,3.04534716796,1.14566685397,2.46158391644,2.02462864622,0.929259097132,0.624497261042,0.435364941374,4.48621256266,1.05986220242,10.2495322148,16.2638883884,11.1803283079,6.54355084506,3.61913204812,26.5134206032,10.1626828932,3.56791452482,9.87160804438,6.89008502769,4.82666800377,2.66399538227,13.4395225692,7.49066338604,2.63600069985,2.53345962447,2.74547603014,0.525279809235,0.0313206972655,5.16946032433,0.5566005065,1.29068001423,4.19250581597,3.07347095233,2.03392728747,0.533648455296,5.4831858302,2.56757574277,1.14120313755,3.86758753038,2.89515949237,1.73052011555,0.888307245881,5.00879066793,2.61882736143,1.11965835005,2.99758835579,1.64763229585,0.892537254472,0.570120814987,4.11724670584,1.46265806946,1.3614494069,2.52207701926,1.00336680644,0.473109391582,0.254356210449,3.88352642616,0.727465602031,3.49005325815,3.49085254872,1.33572640625,0.605480123033,0.261013045768,6.98090580687,0.8664931688,11.0390448667,19.6040708946,12.7008319834,6.26085398135,2.53876646965,30.6431157613,8.79962045099,3.55154150182,11.0576817021,7.61626274055,4.6569846575,1.99207651616,14.609223204,6.64906117366
1993-01-01,2.91041704367,2.54756511351,2.43903989377,0.431086095457,0.030814150345,5.45798215717,0.461900245802,1.33621956326,4.0335671917,2.6805262328,1.88448454336,0.622831481751,5.36978675496,2.50731602511,1.09628790586,3.43889617076,2.77599963852,1.88907613937,1.07200521519,4.53518407662,2.96108135456,0.998097557211,2.37916859465,1.67111801768,1.15505196419,0.966999970624,3.37726615187,2.12205193481,1.18161347917,1.73451836845,0.911589908443,0.662534291888,0.517928658753,2.91613184762,1.18046295064,2.39350075717,2.08940473579,0.945770753019,0.639521721195,0.466600652028,4.48290549296,1.10612237322,9.91613630633,16.2231201749,11.4240444442,6.66175475545,3.67718012869,26.1392564812,10.3389348841,3.43060502632,9.85163195712,7.127643889,4.92861264691,2.66183666757,13.2822369834,7.59044931448,2.57490148661,2.4954785024,2.7007924333,0.545796675838,0.0390873366999,5.07037998902,0.584884012538,1.23725707078,3.92714601918,3.14379828537,2.04576175989,0.517432319367,5.16440308996,2.56319407925,1.09249960749,3.84659998677,3.01662748243,1.77026163361,0.899781554605,4.93909959426,2.67004318822,1.04037663316,3.01659347431,1.81125024434,0.996307747117,0.634020683447,4.05697010747,1.63032843056,1.28624752169,2.44390963417,1.06592312526,0.484373819165,0.266934809774,3.73015715586,0.751308628939,3.37890712018,3.57833923205,1.35559943533,0.622917219683,0.262841336412,6.95724635223,0.885758556095,10.6101894399,19.3080668489,13.093991006,6.4654188553,2.6200980403,29.9182562888,9.0855168956,3.37013331143,10.7903394803,7.97167601214,4.81233114061,2.05123455742,14.1604727917,6.86356569803
1994-01-01,2.99736089201,2.47337943458,2.33363490977,0.45793311389,0.0207377996795,5.47074032659,0.478670913569,1.32425531723,3.81588490592,2.71335770032,1.91487884846,0.602300147261,5.14014022314,2.51717899572,1.08207933849,3.47713699569,2.8536048377,1.94846249498,1.05622519027,4.55921633418,3.00468768525,0.975850111171,2.3205245709,1.84157273665,1.27217840027,0.97056610783,3.29637468207,2.2427445081,1.11000871651,1.72510697325,0.968620531106,0.653287728508,0.516221878717,2.83511568976,1.16950960723,2.3005049939,2.05202885376,1.04647596406,0.661283626184,0.505106785671,4.35253384766,1.16639041185,9.79005936931,15.8640617341,11.7572666796,6.90802421229,3.67115790943,25.6541211034,10.5791821217,3.38218476689,9.6135464725,7.40853527467,5.13551974371,2.62909144536,12.9957312394,7.76461118907,2.65616022258,2.32829596707,2.67092878149,0.582494005674,0.0271351281246,4.98445618965,0.609629133799,1.17484359043,3.67559331578,3.19825654015,2.06593674703,0.511351845596,4.85043690621,2.57728859263,1.0777763893,3.72551151729,3.19292628652,1.81408943311,0.889229494624,4.80328790659,2.70331892773,1.04880430111,2.94109230499,2.0094020808,1.05280062981,0.678979943151,3.9898966061,1.73178057297,1.23698384085,2.35433493069,1.1288587847,0.504202686873,0.292678531052,3.59131877154,0.796881217925,3.21250855975,3.54794164619,1.482276172,0.642381620517,0.28565479803,6.76045020595,0.928036418547,10.407076904,18.572769682,13.6826486457,6.66190512301,2.68502974058,28.979846586,9.34693486359,3.30142428084,10.3421971381,8.40058490747,4.93282680995,2.07956128337,13.6436214189,7.01238809332
1995-01-01,3.08655031321,2.3956667209,2.30431557065,0.398046860323,0.0171581208508,5.48221703411,0.415204981174,1.17419425368,3.65566308246,2.78859694286,2.00031275858,0.631368482427,4.82985733613,2.63168124101,1.12778289075,3.57499432504,2.88142895049,1.88879408792,1.07691901744,4.70277721579,2.96571310536,0.962484520026,2.27349198706,1.95101124194,1.36039648465,1.05531192196,3.23597650708,2.41570840661,1.06045453385,1.66293288573,1.02285064373,0.652815244858,0.545230184673,2.72338741958,1.19804542953,2.24922074981,2.02753039771,1.10226822346,0.685294636617,0.514125369387,4.27675114752,1.199420006,9.66068726132,15.5902793989,12.0504715731,6.98566007294,3.84011309674,25.2509666602,10.8257731697,3.26446166446,9.50414939455,7.6210371353,5.24950333114,2.76359942183,12.768611059,8.01310275298,2.75988171918,2.19038095349,2.60011791649,0.536826245323,0.0261998648695,4.95026267267,0.563026110193,1.07645600971,3.48600605846,3.18862939399,2.11946771764,0.542189987587,4.56246206817,2.66165770523,1.07835110642,3.75340356553,3.21606545886,1.83317454405,0.887565023282,4.83175467195,2.72073956733,1.03603792065,2.87768014388,2.17971446722,1.13884713678,0.724395533773,3.91371806453,1.86324267055,1.17218696035,2.31655008098,1.15078847779,0.489574958171,0.307621591348,3.48873704134,0.797196549519,3.15687804753,3.49350080553,1.60522419306,0.639389468801,0.2896832462,6.65037885307,0.929072715001,10.2797917638,18.1175216079,13.9405399074,6.75728007077,2.77765524706,28.3973133717,9.53493531783,3.19084503678,10.1170897679,8.58440932007,5.09148939847,2.15415054464,13.3079348047,7.24563994312
1996-01-01,3.11180455868,2.32102159742,2.25101464527,0.404176536443,0.0178171087773,5.4328261561,0.42199364522,1.18151482887,3.48358778596,2.70388317323,1.98582417544,0.622876113476,4.66510261483,2.60870028891,1.18812628782,3.73218832479,2.87413338104,1.85645661533,1.02451272335,4.92031461261,2.88096933868,0.922652744085,2.35329325664,1.99367290567,1.45841442216,1.08180797487,3.27594600073,2.54022239703,1.0500194454,1.6500486701,1.00845471474,0.698631693049,0.55268782882,2.7000681155,1.25131952187,2.17911370237,2.02758233667,1.10153785452,0.753064826396,0.549953393738,4.20669603904,1.30301822013,9.63323156723,15.5677219716,11.9326966745,7.15656826881,3.84965514303,25.2009535388,11.0062234118,3.29229386078,9.5690693674,7.57168945994,5.30069521292,2.7291968117,12.8613632282,8.02989202462,2.82175308434,2.15074967878,2.48832733585,0.527452326037,0.0211410261162,4.97250276312,0.548593352153,1.10005972678,3.26158418657,3.07958294607,2.16251200399,0.574427447842,4.36164391335,2.73693945183,1.10299884212,3.7152857394,3.21718975593,1.98269649608,0.856137272454,4.81828458152,2.83883376853,1.01716794283,2.95487932107,2.21928678694,1.22716419625,0.77783825238,3.9720472639,2.00500244863,1.16102925634,2.27340546854,1.16928615081,0.556179279452,0.302276321193,3.43443472488,0.858455600645,3.10311906601,3.49146472243,1.60137835553,0.66596294383,0.277790442927,6.59458378844,0.943753386757,10.3061279184,17.8473691168,13.7750513311,7.12196724563,2.80961076291,28.1534970352,9.93157800855,3.22022651173,9.93174924704,8.51605948894,5.37237269632,2.20840297268,13.1519757588,7.58077566899
1997-01-01,3.17390229229,2.36546763008,2.24018374545,0.366051024325,0.0182925418545,5.53936992237,0.38434356618,1.14052677249,3.33544969868,2.6302560785,1.99127249173,0.622347086341,4.47597647117,2.61361957807,1.21801068367,3.82434450529,2.82071026998,1.89777464553,0.974725330489,5.04235518895,2.87249997602,0.944913378796,2.39036835195,2.09537397253,1.48102806149,1.09722555715,3.33528173074,2.57825361864,0.977960739903,1.71143837263,1.02327936124,0.733389075015,0.592533443999,2.68939911254,1.32592251901,2.12997367959,2.04411827721,1.08620639468,0.768989446874,0.572744745178,4.1740919568,1.34173419205,9.58528754674,15.6711868358,11.8960098224,7.23850474497,3.87786870501,25.2564743826,11.11637345,3.30345083495,9.55016255591,7.54634032101,5.37007519875,2.69429797398,12.8536133909,8.06437317273,2.77433889881,2.21451724314,2.46573338554,0.505894556858,0.0235730183887,4.98885614195,0.529467575246,1.02803193616,3.14638468243,2.92081114876,2.18656220431,0.58420963475,4.17441661858,2.77077183906,1.09414817616,3.7915413993,3.19317347631,1.99397468825,0.841089842996,4.88568957546,2.83506453125,0.948528352933,3.06109601264,2.24986691181,1.31535402231,0.813648967691,4.00962436558,2.12900299,1.1201209365,2.27554630769,1.17287653347,0.588033134417,0.34444832844,3.3956672442,0.932481462857,2.9829362947,3.54082038872,1.58103553487,0.675118831347,0.29772749537,6.52375668342,0.972846326717,9.94810459527,18.0299060339,13.5834969908,7.26493743749,2.90469728764,27.9780106292,10.1696347251,3.07070846525,9.99902209436,8.36385153687,5.49589091487,2.23894844544,13.0697305596,7.73483936031
1998-01-01,3.17720013651,2.36320930542,2.22852952402,0.38077520987,0.0184013456147,5.54040944193,0.399176555485,1.0975865019,3.25517863219,2.44736243915,1.90559124829,0.60282058614,4.35276513409,2.50841183443,1.20436566153,3.78004627321,2.72523509543,1.96566757628,0.972641011038,4.98441193474,2.93830858731,0.964500121608,2.39306683668,2.14024888144,1.56637379842,1.11486177367,3.35756695829,2.68123557208,0.950680259735,1.76929989777,1.05853462253,0.766108205134,0.649977532973,2.7199801575,1.41608573811,2.07853827821,2.06356458392,1.14000765707,0.770882910078,0.571600172004,4.14210286212,1.34248308208,9.47287095949,15.6243655292,11.7399182196,7.35539894806,3.93030242144,25.0972364887,11.2857013695,3.26645228504,9.42829174208,7.31284641602,5.43763262298,2.69032337085,12.6947440271,8.12795599383,2.77741182274,2.20081020272,2.50249774431,0.514162954165,0.0265547584146,4.97822202546,0.54071771258,0.96885823739,2.99968338524,2.81049499326,2.17920752381,0.637160158632,3.96854162263,2.81636768244,1.09621237378,3.76139931073,3.20006704609,2.03584215468,0.845530756353,4.8576116845,2.88137291103,0.945324045534,3.0222837243,2.33349931889,1.38471354774,0.890141069877,3.96760776983,2.27485461762,1.05716270898,2.34693924166,1.23686157589,0.650518232527,0.3788264476,3.40410195064,1.02934468013,2.87707283245,3.61707128392,1.57870988782,0.674749477256,0.327377105432,6.49414411638,1.00212658269,9.72204202088,17.9481871486,13.6621305663,7.43919389017,3.10559029631,27.6702291694,10.5447841865,3.0103946567,9.78336642026,8.34406135824,5.59976322623,2.37283198486,12.793761077,7.97259521109
1999-01-01,3.18576331725,2.40267405609,2.24272497938,0.363346810438,0.018851697883,5.58843737334,0.382198508321,1.01574155934,3.00631247428,2.38994025526,1.91319972577,0.601027197832,4.02205403361,2.5142269236,1.13700020914,3.76866878489,2.69542611036,1.98657441603,0.989076407142,4.90566899403,2.97565082317,0.888711489003,2.44508015941,2.28254231123,1.61858018339,1.1265214952,3.33379164841,2.74510167859,0.911277518195,1.76671992861,1.11998941687,0.788754269458,0.711961174938,2.6779974468,1.5007154444,1.94762138394,2.0779908771,1.20017699248,0.818039021378,0.580048986387,4.02561226104,1.39808800776,9.08611547686,15.4674462804,11.9308000656,7.48849442646,4.02748695938,24.5535617572,11.5159813858,3.04145325748,9.22006141857,7.36790867685,5.51835432519,2.71662510017,12.261514676,8.23497942536,2.80641331875,2.21027577422,2.55870591749,0.549758500161,0.022554447605,5.01668909297,0.572312947766,0.958688897843,2.83809663464,2.75436884958,2.14353537203,0.662442201315,3.79678553248,2.80597757335,1.07376608454,3.71549944247,3.24332747617,2.05476558373,0.841839396698,4.78926552701,2.89660498043,0.914771620751,3.02122273367,2.39127470702,1.50465635313,0.940130061338,3.93599435442,2.44478641447,1.01040081832,2.37432021416,1.28971770152,0.703860785827,0.411885697164,3.38472103247,1.11574648299,2.70645570577,3.66037235902,1.61735407237,0.697854523365,0.321341540673,6.36682806479,1.01919606404,9.47049644597,17.8197871582,13.8547487242,7.65443111825,3.20019334479,27.2902836041,10.854624463,2.94722660313,9.57481881078,8.38897103277,5.7029573089,2.44441165935,12.5220454139,8.14736896825
2000-01-01,3.19842601114,2.3931064926,2.23806876307,0.391002367065,0.0196460252876,5.59153250374,0.410648392353,0.995329899269,2.88315780381,2.32498476379,1.90900561448,0.60754048714,3.87848770308,2.51654610162,1.13738932614,3.7405314706,2.67517423266,1.96065301956,0.96849941627,4.87792079674,2.92915243583,0.868572492721,2.54012717794,2.37166615106,1.68540369212,1.12642811539,3.40869967066,2.81183180751,0.882440176884,1.79922864189,1.18253306342,0.791892036172,0.709790799815,2.68166881877,1.50168283599,1.88788164545,2.09552717876,1.20823740558,0.822658004845,0.62100468112,3.98340882421,1.44366268596,8.9700395516,15.4516787656,12.0006643796,7.56061473424,4.05290952502,24.4217183172,11.6135242593,3.00129171813,9.16381645235,7.37182514751,5.55506232616,2.7024680188,12.1651081705,8.25753034496,2.76684673238,2.25190179488,2.54136678699,0.582437883343,0.0371194041421,5.01874852725,0.619557287485,0.911114299397,2.69017297263,2.74826328527,2.1324021616,0.652967650145,3.60128727203,2.78536981174,1.06100010252,3.59608083735,3.22133331872,2.06060794826,0.84975007402,4.65708093987,2.91035802228,0.897654428523,3.0486723439,2.53442573472,1.59089930681,0.926838331588,3.94632677242,2.5177376384,1.03383048686,2.37135427716,1.34639895697,0.712263210735,0.455583746866,3.40518476402,1.1678469576,2.60367937208,3.64072264705,1.64047482147,0.716721924755,0.341208202823,6.24440201913,1.05793012758,9.27412542176,17.598904873,14.0322629041,7.79533243551,3.26346740958,26.8730302947,11.0587998451,2.86976883044,9.33492615388,8.50402233871,5.78390941668,2.42955605575,12.2046949843,8.21346547243
2001-01-01,3.16914935731,2.4163825402,2.2634802683,0.416536073707,0.0188168535993,5.58553189752,0.435352927307,0.97015889031,2.81211631647,2.32451189257,1.85242141828,0.602443682101,3.78227520678,2.45486510038,1.10118481437,3.62228006839,2.64053547009,1.98834993138,0.974389286485,4.72346488276,2.96273921787,0.885121928088,2.66580877904,2.42895469715,1.7419437709,1.11245267481,3.55093070712,2.85439644571,0.852714717482,1.81400924034,1.22244142116,0.815743628791,0.744038031052,2.66672395782,1.55978165984,1.82026552083,2.16050916453,1.18798585289,0.810224264239,0.641941804799,3.98077468535,1.45216606904,8.79859522838,15.491106109,12.0679096022,7.6252190873,4.09408233285,24.2897013374,11.7193014201,2.95646563276,9.1002051639,7.39400205981,5.58271512056,2.6892856434,12.0566707967,8.27200076396,2.75029672905,2.26592050915,2.60121320493,0.582280550186,0.0421868750695,5.0162172382,0.624467425255,0.883326342497,2.51603078288,2.7119007079,2.1236256944,0.68638846694,3.39935712538,2.81001416134,1.02033441511,3.49714722539,3.17331687205,2.11755391932,0.836094357309,4.51748164049,2.95364827662,0.904021522567,3.08281639565,2.67457217296,1.63959959331,0.960848645231,3.98683791822,2.60044823854,0.977754513411,2.34620245045,1.41955538645,0.715911379776,0.512831989299,3.32395696386,1.22874336908,2.51417894668,3.61190283096,1.66229898759,0.725620955556,0.36735521827,6.12608177764,1.09297617383,9.04991246932,17.3200201945,14.2428573319,7.90459209255,3.40570555212,26.3699326638,11.3102976447,2.80768228017,9.09599440392,8.55978975291,5.88077920703,2.48333146948,11.9036766841,8.36411067651
2002-01-01,3.11917808088,2.44535375711,2.32376739195,0.40185510115,0.0213220887915,5.564531838,0.423177189941,0.99104404601,2.72753890387,2.27604140906,1.84783752397,0.578414336578,3.71858294988,2.42625186055,1.09279687377,3.54656869053,2.53666728126,1.96633039808,0.991475590927,4.6393655643,2.957805989,0.878962843097,2.76440929846,2.40867160595,1.73684267482,1.12217111418,3.64337214155,2.859013789,0.833496792345,1.83523059295,1.29549106538,0.942545573456,0.816584708328,2.66872738529,1.75913028178,1.77244686479,2.10508402678,1.21334365831,0.850759510161,0.659016326911,3.87753089158,1.50977583707,8.6879255009,15.4241852697,12.0539824119,7.74617078164,4.18898416572,24.1121107706,11.9351549474,2.96280376288,9.03851689286,7.22138029628,5.55101059687,2.69206104169,12.0013206557,8.24307163856,2.76021850325,2.23083545962,2.63444972129,0.588141900212,0.0384578246528,4.99105396287,0.626599724864,0.84963626378,2.49448720017,2.62549135817,2.1240371112,0.707948825073,3.34412346395,2.83198593627,0.959712049736,3.3822157513,3.06492643586,2.13548662352,0.864676367977,4.34192780104,3.00016299149,0.905464799092,3.07728073126,2.70729797949,1.70793568897,0.950296879751,3.98274553035,2.65823256872,0.929892583563,2.38661900268,1.57335806286,0.811198405781,0.559246810365,3.31651158624,1.37044521615,2.44650276923,3.61229907358,1.61820558475,0.773679850915,0.378752252032,6.05880184281,1.15243210295,8.85142696865,17.1837372186,14.2237291424,8.14047958059,3.49937895985,26.0351641872,11.6398585404,2.71481311261,8.95398368272,8.39771577352,5.96745942368,2.5229220728,11.6687967953,8.49038149649
2003-01-01,3.14480819829,2.38921231932,2.1771715605,0.420360885593,0.0199776950337,5.5340205176,0.440338580627,1.12556540752,2.8170412542,2.33742982081,1.84550724662,0.606382033311,3.94260666172,2.45188927993,1.10432788125,3.39181351473,2.37716527088,1.91047168653,0.933125961897,4.49614139599,2.84359764843,0.909953814157,2.81062028588,2.39755312858,1.7435329698,1.10404509651,3.72057410003,2.84757806631,0.833144794291,1.83825063852,1.39573337735,1.06042955246,0.883851854943,2.67139543281,1.94428140741,1.69178966315,2.11206134469,1.19267382058,0.863886970473,0.686028134715,3.80385100784,1.54991510519,8.80958975866,15.3589993573,11.8777269787,7.84418931148,4.23341077641,24.168589116,12.0776000879,3.13984710293,9.01947505481,7.11214822027,5.49951190295,2.64355309172,12.1593221577,8.14306499467,2.78551006474,2.09360891655,2.56191497537,0.593459199245,0.039656300501,4.87911898129,0.633115499746,0.918535235227,2.49952000741,2.59437738818,2.14366211261,0.740417627256,3.41805524264,2.88407973987,0.948533177422,3.21807024591,2.96600280036,2.0700763944,0.881423546272,4.16660342333,2.95149994068,0.868491863217,3.0650181353,2.70578865755,1.75535442544,0.987419159896,3.93350999851,2.74277358534,0.876042684657,2.44400658938,1.6681568462,0.899928664391,0.613128621711,3.32004927404,1.5130572861,2.3593288485,3.72438803018,1.65674557267,0.789123306691,0.408394420178,6.08371687868,1.19751772687,8.75644187376,17.0446119247,14.1529862403,8.25160410278,3.67043967581,25.8010537985,11.9220437786,2.73556027587,8.78260838862,8.26616884608,5.96909293246,2.60926033342,11.5181686645,8.57835326588
2004-01-01,3.08891415231,2.38257839078,2.28619273375,0.431009395746,0.0278754523194,5.47149254309,0.458884848066,1.09041118169,2.78352998372,2.31156752786,1.83130824844,0.632411154913,3.87394116541,2.46371940336,1.09265895093,3.26214599123,2.35083252764,1.88075026676,0.929317884903,4.35480494217,2.81006815166,0.90053051759,2.91122579175,2.40908213119,1.75640076046,1.07040615324,3.81175630934,2.82680691371,0.801372492666,1.89746164845,1.4666936471,1.13631743349,0.922703802608,2.69883414111,2.0590212361,1.59442686463,2.16994743197,1.18750262125,0.889848313513,0.727850391849,3.7643742966,1.61769870536,8.56831415981,15.4068892379,12.0118711888,7.92563441842,4.31056483983,23.9752033977,12.2361992583,3.08360065021,8.95690176671,7.07148218669,5.46845927567,2.63213519306,12.0405024169,8.10059446872,2.73150608266,2.09925269915,2.60312707032,0.623113721111,0.0341324581126,4.83075878181,0.657246179223,0.913980118006,2.42950084513,2.59281208075,2.07231568832,0.75960831179,3.34348096314,2.83192400011,0.920822794795,3.08728935331,2.8561920982,2.0968432955,0.883187065429,4.0081121481,2.98003036093,0.859274992127,3.06700306385,2.74113629672,1.76270699312,0.998121287927,3.92627805598,2.76082828105,0.853827394751,2.42868521605,1.78995654688,0.985002304792,0.672369549554,3.2825126108,1.65737185435,2.23100021538,3.73165306422,1.71850315467,0.808077214594,0.425725178034,5.96265327959,1.23380239263,8.51041159772,16.8433842417,14.3017272475,8.34805921744,3.77314385085,25.3537958394,12.1212030683,2.69407790493,8.58379326229,8.19014047567,5.93186597694,2.64091666515,11.2778711672,8.57278264209
2005-01-01,3.09530074401,2.37081868585,2.27872113619,0.409192806304,0.0237282914363,5.46611942986,0.43292109774,1.09324544043,2.81274437938,2.29127062421,1.78652640969,0.629032331482,3.9059898198,2.41555874117,1.05469730855,3.19472119901,2.32585255832,1.85226576888,0.940569917291,4.24941850756,2.79283568617,0.937886030785,3.07351134242,2.33967628391,1.71299079184,1.03988822609,4.01139737321,2.75287901793,0.826966015152,1.92202645886,1.54917444865,1.17495469459,0.938997564933,2.74899247401,2.11395225953,1.56663963052,2.17413457452,1.21945402731,0.906437003267,0.738056203764,3.74077420504,1.64449320703,8.57473516944,15.54795664,12.0041490786,7.84236747457,4.310272535,24.1226918095,12.1526400096,3.08582877976,9.08097692081,6.95679946644,5.3517829704,2.60949047487,12.1668057006,7.96127344527,2.69642324028,2.08309709173,2.62722023168,0.591082794146,0.0390871497971,4.77952033201,0.630169943943,0.916049642504,2.34424716028,2.52080563966,2.07678757938,0.790849449435,3.26029680279,2.86763702881,0.887667143027,2.93680546608,2.82815801052,2.05433853109,0.953692777652,3.82447260911,3.00803130874,0.905704883692,3.11646129975,2.76753437629,1.78908525671,0.959180616598,4.02216618345,2.74826587331,0.839019941573,2.46785180585,1.8726920954,1.0311265851,0.727026377331,3.30687174742,1.75815296243,2.20057510992,3.65502458499,1.74153934615,0.862884224065,0.438500691668,5.85559969491,1.30138491573,8.445439961,16.6034874087,14.3579496997,8.40530497049,3.90833706248,25.0489273697,12.313642033,2.70942166922,8.39751392612,8.11649802648,5.92021136718,2.70372284368,11.1069355953,8.62393421086
2006-01-01,3.03978282949,2.3704608161,2.30585645935,0.412258085296,0.0182022547788,5.41024364559,0.430460340075,1.08051808049,2.80481795795,2.24726255165,1.787728819,0.621758371555,3.88533603844,2.40948719056,1.03776485576,3.12706560494,2.27143502464,1.8394594102,0.940867422597,4.16483046071,2.7803268328,0.948288126684,3.09624546155,2.34737650097,1.7452535543,1.06665358741,4.04453358823,2.81190714171,0.752565329845,1.96103914294,1.66932788121,1.23569215418,0.964523455598,2.71360447278,2.20021560978,1.46905092859,2.26364639662,1.22275457713,0.914363427667,0.776088656376,3.73269732521,1.69045208404,8.32797015086,15.6232753801,12.0640129949,7.93475545065,4.38809374831,23.951245531,12.322849199,3.06657106294,9.02812902444,6.86607407726,5.3724417835,2.62927938156,12.0947000874,8.00172116506,2.70778886329,2.04027883605,2.59508978537,0.60867475046,0.0403319817834,4.74806769934,0.649006732244,0.856111357539,2.28798781102,2.55707412906,2.07701635623,0.798723180327,3.14409916856,2.87573953655,0.859369796689,2.85505571774,2.72991835778,2.08311599962,0.959440046082,3.71442551443,3.04255604571,0.901045071621,3.09958863307,2.81665219104,1.83243316899,0.941533377642,4.00063370469,2.77396654664,0.806082588802,2.49130639758,1.9570120642,1.093435527,0.763314262747,3.29738898638,1.85674978975,2.09545376113,3.65281787702,1.76856058639,0.903806338844,0.482873460018,5.74827163815,1.38667979886,8.22585143908,16.4270352725,14.4243071138,8.59848214115,3.9862163086,24.6528867116,12.5846984497,2.61652622585,8.24263216183,8.10364467788,5.99256552484,2.69969660405,10.8591583877,8.6922621289
2007-01-01,2.98129646462,2.3820780491,2.31333439457,0.442547993099,0.0313515172467,5.36337451372,0.473899510346,1.06839102717,2.77117827245,2.25247727445,1.82456432535,0.633167166185,3.83956929962,2.45773149154,1.02502686654,2.99103080657,2.17219799087,1.87572347259,0.964361807256,4.01605767312,2.84008527985,0.939478481458,3.15502158927,2.3235923514,1.75397878616,1.02300945852,4.09450007073,2.77698824468,0.728468153263,1.97496999312,1.73546721718,1.34710646153,0.969409031925,2.70343814638,2.31651549345,1.38144330792,2.29270863176,1.28238151339,0.928127289146,0.814076567922,3.67415193967,1.74220385707,8.12410430097,15.5669873423,12.0794507419,8.17204832788,4.43537554906,23.6910916432,12.6074238769,3.03289637517,8.9172306683,6.74826761671,5.45426658411,2.62053843196,11.9501270435,8.07480501607,2.63643060058,2.06313243903,2.60027075134,0.633242425785,0.0431813745589,4.69956303961,0.676423800344,0.82669964711,2.26362137351,2.5108807492,2.11870347724,0.824246406497,3.09032102062,2.94294988374,0.853112461088,2.67226464613,2.6381091966,2.13776899242,0.977136629,3.52537710722,3.11490562142,0.83473494794,3.14568799618,2.7590069154,1.92335461539,0.943662464468,3.98042294412,2.86701707986,0.768385205109,2.53976225196,1.96476127386,1.1911066528,0.817562800704,3.30814745707,2.0086694535,1.91341897733,3.78483695023,1.82625512306,0.921692577609,0.489003815845,5.69825592756,1.41069639345,7.83278183916,16.469305657,14.2992840095,8.92586874124,4.09479349107,24.3020874962,13.0206622323,2.51454705614,8.08157401582,7.9079968612,6.17982708505,2.74504549997,10.596121072,8.92487258502
2008-01-01,2.8496534851,2.38380286097,2.35884446547,0.462108631058,0.0296203374704,5.23345634607,0.491728968528,1.02699066563,2.77546603335,2.24318367093,1.87011792646,0.650775967732,3.80245669898,2.52089389419,0.964558302987,2.81146761674,2.20153453816,1.8418026964,0.977855920527,3.77602591973,2.81965861693,0.936454171565,3.17446435164,2.34025865256,1.7624266474,0.972233858878,4.11091852321,2.73466050628,0.728332651088,1.99743623353,1.81530718121,1.3768059248,0.994050989004,2.72576888461,2.37085691381,1.35084229702,2.28857425151,1.34453793418,1.01255615703,0.840549295191,3.63941654853,1.85310545222,7.8568315734,15.4312113477,12.3036664425,8.32581798315,4.4650863688,23.2880429211,12.7909043519,2.92800314018,8.76139800173,6.78497686166,5.47434727026,2.60086574714,11.6894011419,8.07521301739,2.59540053502,1.99258219596,2.64665928495,0.656617967532,0.0530208057989,4.58798273097,0.70963877333,0.79745314924,2.22507738127,2.49145096165,2.16815367836,0.881134928018,3.02253053051,3.04928860638,0.805662621442,2.53125798754,2.59550830347,2.08918881984,1.00986026496,3.33692060898,3.0990490848,0.832270655897,3.0792718365,2.84214343732,1.91359200286,0.93296266056,3.9115424924,2.84655466342,0.774778956729,2.49779001753,2.05953855625,1.2466108355,0.852378569879,3.27256897426,2.09898940538,1.87519800661,3.77711835871,1.91541966309,0.946406164325,0.532877677608,5.65231636532,1.47928384193,7.68076392493,16.1030977775,14.5507202067,9.02056946842,4.26223490682,23.7838617024,13.2828043752,2.43538642658,7.83560720531,7.92910270244,6.17093450106,2.82395785354,10.2709936319,8.9948923546
2009-01-01,2.79272980953,2.35324773821,2.36701056226,0.471439741503,0.0372046462064,5.14597754773,0.50864438771,1.00966841276,2.78545496043,2.27058099239,1.83155493092,0.640463976292,3.79512337318,2.47201890721,0.921192790271,2.77287057919,2.16564416472,1.79139572344,0.909974035903,3.69406336946,2.70136975935,0.948844196611,3.25112110967,2.33138417087,1.69836957872,1.00628639597,4.19996530628,2.70465597469,0.730571172932,2.0723315777,1.86399098115,1.4054218795,1.0152777187,2.80290275064,2.4206995982,1.3556761209,2.27935701671,1.36340784772,1.07174137917,0.8892176329,3.63503313761,1.96095901207,7.758682503,15.5143829819,12.3620187191,8.26992323326,4.49842440597,23.2730654849,12.7683476392,2.87970539964,8.80944664929,6.76760932798,5.32132023308,2.55672440817,11.6891520489,7.87804464125,2.48286832517,2.0087927976,2.69645848392,0.668091835511,0.0520270802635,4.49166112276,0.720118915775,0.778181301593,2.15614413527,2.53641706531,2.15502313746,0.89098021967,2.93432543686,3.04600335713,0.806509017907,2.48066957939,2.52213522886,1.96911354289,1.02088648356,3.2871785973,2.99000002646,0.864125887011,3.04866738184,2.83941993924,1.943750728,0.904905081736,3.91279326885,2.84865580974,0.750756803633,2.51364160302,2.12161474808,1.33296005723,0.892955832413,3.26439840666,2.22591588964,1.86639367808,3.73984335213,1.94782327904,1.00795717221,0.597454378726,5.60623703021,1.60541155094,7.54883501339,15.9477588492,14.6638687444,9.0768964733,4.35920907637,23.4965938626,13.4361055497,2.44881620651,7.6854810965,7.89797223341,6.06788740835,2.81677178497,10.134297303,8.88465919332
2010-01-01,2.77492080581,2.37410029948,2.37632430274,0.477020805076,0.0391296537777,5.14902110529,0.516150458854,0.976080738407,2.79683923906,2.33567607226,1.86940405978,0.661940157151,3.77291997747,2.53134421693,0.902662553587,2.69105255055,2.06118202832,1.7830258028,0.894139926046,3.59371510413,2.67716572884,0.9532664384,3.22794913841,2.28401286896,1.66351153386,0.985987204681,4.18121557681,2.64949873854,0.718833835121,2.20162575117,1.89258099731,1.42492823636,1.0115209542,2.92045958629,2.43644919056,1.29575808209,2.3306425409,1.40959409729,1.0835527387,0.930259226279,3.62640062299,2.01381196498,7.62152245341,15.6222095196,12.3593703669,8.30144317657,4.52297712213,23.243731973,12.8244202987,2.83200973039,8.71584092801,6.68087096955,5.31594139644,2.54206728788,11.5478506584,7.85800868432,2.45888368838,2.00800770307,2.71950758589,0.672554060248,0.0519643094409,4.46689139145,0.724518369689,0.753880528342,2.12135858995,2.57383250473,2.21398112883,0.921250864179,2.87523911829,3.13523199301,0.788814209634,2.33369610761,2.44579727766,1.93427597913,1.02918331049,3.12251031725,2.96345928962,0.821408992902,3.01922235487,2.80584147038,1.91693038575,0.936540934959,3.84063134777,2.85347132071,0.732636152976,2.58106123336,2.17828827498,1.38556531163,0.930864313459,3.31369738633,2.31642962509,1.81439912072,3.76937003573,1.9584602348,1.06497599329,0.629924704022,5.58376915645,1.69490069731,7.37002269296,15.8327160246,14.6817273484,9.18828285888,4.49972843655,23.2027387175,13.6880112954,2.36410373088,7.47427705244,7.82547125278,6.06518749371,2.88697510963,9.83838078331,8.95216260334
2011-01-01,2.71061851261,2.43199802498,2.46662179776,0.46579083313,0.0279732336758,5.14261653759,0.493764066806,0.947623455151,2.79343326821,2.38082640082,1.87130539906,0.652014733113,3.74105672336,2.52332013217,0.8618476821,2.53620851195,2.05042614674,1.7320461558,0.929403261885,3.39805619405,2.66144941768,0.912956959708,3.16892173107,2.21204182843,1.69272886767,0.977614781594,4.08187869078,2.67034364927,0.720220234006,2.27715307177,1.97970074179,1.43211125921,1.01027107689,2.99737330577,2.4423823361,1.25964461665,2.41997563571,1.5256020496,1.10572555308,0.99004509271,3.67962025236,2.09577064579,7.41291146023,15.6276902437,12.6152189651,8.29970806795,4.58732217987,23.0406017039,12.8870302478,2.72242809696,8.49856351123,6.64329437599,5.29608042253,2.55903277659,11.2209916082,7.85511319912,2.3970832757,1.96977310051,2.76563789047,0.645229723146,0.0531595719736,4.3668563762,0.698389295119,0.720468535509,2.15948043333,2.5941902123,2.19348492736,0.952731805836,2.87994896884,3.1462167332,0.767192778437,2.19165354465,2.41146600219,1.93991491518,1.0705657848,2.95884632308,3.01048069998,0.82823422161,2.90223985832,2.73565815338,1.88706239236,0.968188999237,3.73047407993,2.8552513916,0.744666578099,2.62571392654,2.24403719508,1.44132756788,0.937139536808,3.37038050464,2.37846710469,1.71803985978,3.80794193841,2.00326553425,1.08889522487,0.692705595099,5.52598179818,1.78160081997,7.17568524913,15.6568028018,14.7542549877,9.1959147508,4.67449129375,22.8324880509,13.8704060446,2.31589553556,7.2533738363,7.74131436787,6.02046223491,2.99148658987,9.56926937186,9.01194882478
2012-01-01,2.63837274049,2.34215553655,2.50865383929,0.506017995795,0.0321380887446,4.98052827704,0.53815608454,0.846665342886,2.61708335461,2.28487164794,1.87860116021,0.66434816677,3.4637486975,2.54294932698,0.841317949411,2.48688386668,2.04607869254,1.67158018696,0.942991837675,3.32820181609,2.61457202463,0.889151077871,3.0338337529,2.17450846601,1.69216379462,0.988233202746,3.92298483077,2.68039699736,0.698722834352,2.40090993791,2.0203662428,1.46300626485,0.993489152529,3.09963277226,2.45649541738,1.22456759321,2.42312846195,1.61664029932,1.2376060359,1.06897818944,3.64769605515,2.30658422534,7.13879753822,15.3039949106,12.6511191879,8.44897543834,4.6901786379,22.4427924488,13.1391540762,2.57713437017,8.13780097419,6.50545880649,5.24234514179,2.59557320719,10.7149353444,7.83791834898,2.37427029083,1.96335459865,2.84149130878,0.680809094124,0.0481064648088,4.33762488947,0.728915558933,0.6939881863,2.07997659639,2.5625659375,2.21644380139,0.97196275915,2.77396478269,3.18840656054,0.735952954006,2.10569150152,2.41356507386,1.9847678254,1.07979556955,2.84164445553,3.06456339495,0.80393293374,2.83131735974,2.69537982995,1.91338178349,0.952688730891,3.63525029348,2.86607051438,0.723117842528,2.61567110471,2.34412232069,1.53249311173,0.962945890019,3.33878894724,2.49543900175,1.68148806414,3.86842043661,2.154187866,1.17545151476,0.759593535798,5.54990850074,1.93504505055,7.01275027154,15.4644315976,15.0113123368,9.50334713089,4.77509295021,22.4771818692,14.2784400811,2.23387407404,7.01698545766,7.6715108413,6.11459341028,3.00444705959,9.2508595317,9.11904046987
2013-01-01,2.56645644095,2.34177259429,2.51221377805,0.508288613141,0.0386265148889,4.90822903524,0.54691512803,0.825132742789,2.59071378632,2.27764226906,1.97677237527,0.67975129566,3.41584652911,2.65652367093,0.794640803397,2.41245126734,2.02944245815,1.69398034562,0.955994336162,3.20709207074,2.64997468178,0.863829823127,2.88523366296,2.16348263026,1.71153428091,0.970578888656,3.74906348609,2.68211316956,0.694538347681,2.46569586508,2.05221883541,1.45874869841,0.961478440032,3.16023421276,2.42022713844,1.16213535568,2.46976352961,1.73075382347,1.32516492003,1.13712963806,3.6318988853,2.46229455809,6.90673351362,15.1656307056,12.7657537944,8.67448923337,4.74355911346,22.0723642192,13.4180483468,2.48360336931,7.88839871663,6.47056735747,5.38228700179,2.60632452048,10.3720020859,7.98861152227,2.26804484215,1.96379449441,2.87374038613,0.676765313411,0.0532294841656,4.23183933656,0.729994797576,0.661126550432,2.06137143195,2.56448220217,2.29722051078,0.974169481381,2.72249798238,3.27138999217,0.700714952193,2.03418036602,2.39694290819,1.96206569708,1.1561280531,2.73489531821,3.11819375018,0.758023893479,2.72956670725,2.65222416328,1.91945149973,0.96124665158,3.48759060073,2.88069815131,0.712115211024,2.67975076887,2.32464452347,1.53104773606,0.977286442189,3.39186597989,2.50833417825,1.58098222401,3.92508280554,2.29692072561,1.23525895627,0.816254657593,5.50606502955,2.05151361386,6.68100767329,15.393746574,15.1089549089,9.62180971334,4.93831477001,22.0747542473,14.5601244834,2.1198653961,6.82511850521,7.61364927364,6.1787377076,3.09154418606,8.94498390132,9.27028189366
2014-01-01,2.4308835122,2.36288340212,2.51779555422,0.516022627972,0.0390270410852,4.79376691432,0.555049669057,0.754343155603,2.63579885401,2.328365051,1.95304551178,0.740454692578,3.39014200962,2.69350020436,0.789515153346,2.35839848878,2.02339129261,1.68983218163,0.946690490603,3.14791364213,2.63652267223,0.832835936896,2.81812065397,2.10923483841,1.70330981497,0.980641931695,3.65095659087,2.68395174667,0.739032987828,2.50093469281,2.01267194297,1.49619998253,0.968082687056,3.23996768064,2.46428266959,1.15627437681,2.54873461312,1.79092462513,1.36830673772,1.18404907317,3.70500898993,2.55235581089,6.70288512268,15.2248707048,12.7823833043,8.7267168566,4.85894591619,21.9277558275,13.5856627728,2.37669424585,7.81231799676,6.46099118203,5.34618750838,2.66778711488,10.1890122426,8.01397462326,2.2118606317,2.01382676719,2.75795346132,0.697621893099,0.0594358868512,4.22568739889,0.75705777995,0.648868530109,2.00107398552,2.56808158427,2.32075464455,1.03811435818,2.64994251563,3.35886900273,0.679800529865,1.99110643129,2.29668678877,1.95047408361,1.20306481749,2.67090696115,3.1535389011,0.727618961122,2.65713485691,2.56570590151,1.89598494823,1.00461770608,3.38475381803,2.90060265431,0.717474380484,2.69680968686,2.3699804933,1.56386456673,0.989263825627,3.41428406734,2.55312839236,1.54437182731,3.94940398619,2.39816824115,1.29865201619,0.886422303876,5.4937758135,2.18507432007,6.5299948606,15.309355714,14.9565764703,9.72735215241,5.1809188981,21.8393505745,14.9082710505,2.0562880211,6.64931527372,7.43047427455,6.16721367639,3.24579688174,8.70560329481,9.41301055813
2015-01-01,2.38708432405,2.4063320571,2.3793741066,0.541988847169,0.0333207442911,4.79341638115,0.57530959146,0.717214599719,2.59807566793,2.29538381149,2.0462824008,0.769340390906,3.31529026765,2.81562279171,0.812892790621,2.3033728145,1.97103525067,1.7023820709,0.978540374932,3.11626560512,2.68092244583,0.819847886415,2.74401606809,2.02234363742,1.72585058788,1.01477451789,3.5638639545,2.74062510578,0.762244241125,2.50467315309,2.02830635464,1.4970119496,0.969411983011,3.26691739421,2.46642393261,1.09587736343,2.58260557926,1.8719237582,1.47730809619,1.22689239665,3.67848294269,2.70420049284,6.59516120535,15.13907534,12.568366919,8.99082395255,4.99228040768,21.7342365453,13.9831043602,2.34995527675,7.64546455052,6.28876269958,5.47451505959,2.76265528373,9.99541982727,8.23717034332,2.20639201683,2.0009996829,2.64489482362,0.726594575469,0.0594917022772,4.20739169973,0.786086277746,0.585062142536,2.02242114079,2.58490366164,2.33194610661,1.10869065902,2.60748328332,3.44063676563,0.700041360556,1.95523256582,2.21572956801,1.9560464058,1.26238616072,2.65527392638,3.21843256652,0.747064929722,2.48903446842,2.4606312969,1.92756242794,1.05466500418,3.23609939814,2.98222743212,0.696905930874,2.68111958887,2.39465504164,1.57275663333,1.04145652846,3.37802551974,2.6142131618,1.47873960514,3.95509055923,2.48343856984,1.41659877323,0.953740245047,5.43383016436,2.37033901828,6.41420598565,15.103898006,14.7842529616,9.93150492239,5.48043029971,21.5181039917,15.4119352221,2.03216843281,6.46668817503,7.26126452655,6.21555494036,3.42574182392,8.49885660784,9.64129676428
2016-01-01,2.38858368605,2.38943727772,2.30155710608,0.511572534942,0.047950702597,4.77802096377,0.559523237539,0.663110984435,2.64074547391,2.30932640806,2.08517421908,0.811468861914,3.30385645835,2.89664308099,0.738440925578,2.3014826595,1.9419752521,1.68035567028,1.04603109931,3.03992358508,2.7263867696,0.797656882888,2.64308154977,1.99990053029,1.71220959416,1.02360780482,3.44073843265,2.73581739898,0.741015964487,2.56578444938,2.05159755448,1.49954687274,0.964516421767,3.30680041387,2.46406329451,1.06745375534,2.55518061679,1.94301957132,1.58317373726,1.31028342827,3.62263437212,2.89345716553,6.39626219878,15.0957120271,12.5473764223,9.07203262846,5.20385831868,21.4919742258,14.2758909471,2.1992087929,7.58530968317,6.25120219045,5.47773948352,2.88110776605,9.78451847608,8.35884724957,2.18407197327,1.9362291183,2.62212082342,0.710423962195,0.0677227010678,4.12030109157,0.778146663263,0.541379153454,2.04252617932,2.59774899183,2.33093605181,1.1381375157,2.58390533277,3.46907356751,0.668097771112,1.91511213868,2.16991148337,1.96364446115,1.30768185901,2.5832099098,3.27132632016,0.715689663647,2.35374644696,2.45490398747,1.93051879976,1.08001011051,3.0694361106,3.01052891027,0.701147517462,2.64894013057,2.49112416078,1.62764918375,1.00289309561,3.35008764803,2.63054227936,1.38996583157,3.93051296402,2.56229508545,1.53683401906,1.0627832244,5.32047879559,2.59961724346,6.20035191051,14.8270669778,14.8981045323,10.1000064777,5.65922850629,21.0274188884,15.759234984,1.92516658821,6.31138476496,7.22256446266,6.22509931272,3.52582948522,8.23655135317,9.75092879793
2017-01-01,2.36536505402,2.29376654367,2.31035175505,0.549463350773,0.0339402857796,4.65913159769,0.583403636552,0.61836643549,2.65095508129,2.36634633338,2.06031422001,0.856122022363,3.26932151678,2.91643624238,0.742973102094,2.23613771443,1.94112095397,1.72282171635,1.03205391578,2.97911081653,2.75487563213,0.750149698458,2.6531247861,1.93518860586,1.66431336784,1.03238868368,3.40327448455,2.69670205152,0.692049771874,2.65395404463,2.04773507139,1.53258912975,0.944759652541,3.34600381651,2.47734878229,1.01902227689,2.57332815134,1.99152508874,1.72741311666,1.32872935755,3.59235042823,3.05614247421,6.18792633883,15.0612663215,12.5922678084,9.25691490139,5.2279939177,21.2491926603,14.4849088191,2.11148923604,7.54021758182,6.2426558932,5.44744930421,2.92056462182,9.65170681786,8.36801392603,2.16809246265,1.91723859644,2.57084602575,0.709863276838,0.0690344334179,4.08533105908,0.778897710255,0.536474825517,2.02988567296,2.54730588289,2.42143766004,1.14310563571,2.56636049847,3.56454329575,0.628370446424,1.81230400475,2.16132214075,2.03147970376,1.33449885484,2.44067445117,3.3659785586,0.675576995172,2.27544338145,2.38198272704,1.96604951021,1.12295326455,2.95102037662,3.08900277476,0.730580789518,2.66999269456,2.44843437853,1.65826246796,0.990305186602,3.40057348408,2.64856765456,1.37717499963,3.88387417544,2.65797992982,1.66087187549,1.09288871355,5.26104917507,2.75376058904,6.1162705189,14.5887385256,14.7678710848,10.4479644943,5.75278608867,20.7050090445,16.200750583,1.84042226711,6.11763305916,7.09061075068,6.41896687401,3.6005577551,7.95805532627,10.0195246291
